Reservoir,Reservoir_type,Year,Cyanobacteria_Max_cells/ml,logCyanoMax_cells/ml,Chlorophyll_a_ug/l,Secchi_cm,TP_ppb,P_dissolved_ppb,TKN_ppm,NH3_ppm,NOx_ppm,TOC_ppm,Alkalinity_ppm,NH36to8inflow_ppm,TKN6to8inflow_ppm,NOx6to8inflow_ppm,TP6to8inflow_ppb,TOC6to8inflow_ppm,Summer_precip_inches,Summer_precip_Z-score,mayST_Celsius,junST_Celsius,julST_Celsius,augST_Celsius,mayDO_mg/l,junDO_mg/l,mayDT_Celsius,junDT_Celsius,julDT_Celsius,augDT_Celsius
BHR,1,1987,na,na,na,162,5,5,0.125,0.05,na,0.5,43.5,0,0.125,0.075,5,1,8.7,-1.319,na,na,na,na,na,na,na,na,na,na
BHR,1,1988,235.6,2.372,na,na,5,32.5,0.05,0.05,na,1,34,0,0.175,0.15,11,2,8.86,-1.277,na,na,na,na,na,na,na,na,na,na
BHR,1,1989,na,na,na,na,12,7.5,0.2,0.075,0.1,3,27.5,0.1,0.2,0.35,33.5,3,18.65,1.259,18.57,24.66,27.11,26.83,8.49,6.28,12.95,17.04,20.77,22.33
BHR,1,1990,na,na,2,116,115,115,0.075,0.05,0.167,2.3,36.4,0,0.1,0.4,33,1,13.29,-0.129,20.34,24.5,27.84,26.98,7.5,4.35,14.66,17.62,20.86,21.94
BHR,1,1991,na,na,na,103,35.5,10,0.133,0.05,0.35,4.5,48,0.033,0.3,0.333,29.7,3.3,13.53,-0.067,23.83,26.62,28.39,27.56,na,3.83,16.09,21.1,23.55,25.35
BHR,1,1992,2626.8,3.419,na,na,70,70,na,0.05,0.1,3,40,0.05,na,0.2,140,3.5,17.13,0.866,20.27,23.27,27.76,26.22,7.78,6.38,14.58,18.19,21.43,22.66
BHR,1,1993,2292.5,3.36,na,97,5,na,na,0.25,na,3,26,0.2,na,na,na,3,13.57,-0.057,21.36,25.42,30.9,28.02,8.73,3.9,14.1,18.55,21.6,22.44
BHR,1,1994,na,na,5.44,na,na,na,na,na,na,3.67,na,na,na,na,na,5,10.58,-0.832,19.26,28.02,29.58,26.92,8.66,4.46,13.79,15.88,21.08,23.53
BHR,1,1995,68.1,1.833,na,138,na,na,na,na,na,3.95,51,na,na,0.045,na,6.2,6.17,-1.974,19.07,25.46,28.6,29.43,9.03,3.78,13.73,16.85,19.9,21.81
BHR,1,1996,na,na,na,106,na,na,na,na,na,2.8,40,na,na,0.045,na,3.3,14.19,0.104,20.91,26.17,27.77,27.19,8.62,5.55,15.29,17.99,19.58,22.52
BHR,1,1997,na,na,3.1,na,na,na,na,na,0.005,2.12,na,na,na,0.005,na,4.9,11.87,-0.497,18.43,23.45,28.4,27.48,6.95,5.25,15.58,17.49,19.74,21.85
BHR,1,1998,23.1,1.363,3.04,na,na,na,na,na,na,na,na,na,na,na,na,na,13.64,-0.039,20.75,27.01,28.6,28.2,6.52,4.85,14.2,18.99,21.78,22.75
BHR,1,1999,639.5,2.806,na,na,5,5,0.175,na,0.09,1.9,54.5,na,0.2,0.12,13.3,2.5,7.38,-1.661,22.89,26.78,29.11,28.19,6.15,1.77,17.25,18.65,20.55,22.26
BHR,1,2000,1394.5,3.144,na,80,na,na,na,na,na,na,na,na,na,na,na,na,13.93,0.036,20.15,27.22,27.31,27.6,5.82,3.33,15.28,19.21,21.52,22.32
BHR,1,2001,108.1,2.034,na,na,na,na,na,na,na,na,na,na,na,na,na,na,16.19,0.622,24.18,24.87,27.15,29.27,5.52,2.6,15.05,17.89,21.34,23.08
BHR,1,2002,114.5,2.059,na,116,na,na,na,na,na,na,na,na,na,na,na,na,7.97,-1.508,18.07,28.52,28.56,28.02,7.68,4.31,15.21,16.69,19.01,21.64
BHR,1,2003,326.3,2.514,na,91,na,na,na,na,na,na,na,na,na,na,na,na,17.45,0.948,20.75,23.81,27.17,28.46,7.06,6.06,16.54,18.09,20.79,21.84
BHR,1,2004,601.1,2.779,na,100.3,na,na,na,na,na,na,na,na,na,na,na,na,17.98,1.086,22.76,27.01,26.89,27.09,6.74,3.33,15.75,18.26,22.57,22.46
BHR,1,2005,2578.7,3.411,na,96,na,na,na,na,na,na,na,na,na,na,na,na,13.04,-0.194,20.82,26.11,28.58,29.22,6.93,3.58,12.8,16.96,21.44,24.11
BHR,1,2006,257.7,2.411,na,98.7,na,na,na,na,na,na,na,na,na,na,na,na,14.9,0.288,19.18,25.98,28.89,28.4,6.61,4.89,16.19,18.27,20.95,23.04
BHR,1,2007,1698.2,3.23,na,120,na,na,0.19,0.018,0.01,2.54,86,na,na,na,na,na,9.71,-1.057,23.1,25.84,27.37,28.4,5.52,2.06,16.53,17.95,20.51,23.2
BHR,1,2008,9774.4,3.99,na,na,4.6,na,na,0.012,0.017,14,138.4,na,na,na,na,na,11.04,-0.712,19.01,26.83,27.32,26.65,6.04,3.6,15.59,18.83,20.2,23.75
BHR,1,2009,na,na,na,58.5,87.9,na,0.594,0.02,0.8,6.86,115.7,0.019,0.525,1.059,64.5,9.6,14.65,0.223,20.21,26.52,26.98,26.46,7.44,5.68,15.47,19.34,21.28,22.19
BHR,1,2010,na,na,na,63,na,na,na,na,na,na,na,na,na,na,na,na,16.08,0.593,22.41,27.01,27.59,28.14,6.29,2.86,16.14,19.26,21.36,24.44
BHR,1,2011,na,na,na,na,na,na,na,na,na,na,na,na,na,na,na,na,15.61,0.472,na,na,na,na,na,na,na,na,na,na
BHR,1,2012,na,na,na,84,na,na,na,na,na,na,na,na,na,na,na,na,8.44,-1.386,na,na,na,27.97,na,na,na,na,na,24.67
BHR,1,2013,1045415.5,6.019,na,na,1.3,na,na,0.029,0.094,2.74,na,0.054,na,1.6,140,5.7,19.52,1.485,na,na,na,na,na,na,na,na,na,na
BHR,1,2014,917375.1,5.963,na,108,3.5,na,0.1,0.052,0.005,2.9,na,0.092,0.9,0.29,45.8,5.5,21.36,1.962,na,na,27.3,na,na,na,na,na,24.73,na
BHR,1,2015,10994.2,4.041,1.42,121,16.6,na,0.227,0.137,0.018,2.63,na,na,na,na,na,na,18.69,1.27,na,na,na,28.37,na,na,na,na,na,23.43
BHR,1,2016,60069.1,4.779,2.74,105,28.4,na,0.286,0.108,0.041,3.67,104.2,na,na,na,na,na,16.83,0.788,23.78,27.27,29.67,28.76,9.4,6.02,15.64,19.18,22.48,24.74
BHR,1,2017,85271.2,4.931,2.58,168,5.1,50,0.164,0.08,0.107,2.76,76,0.073,0.13,0.155,8,2.3,14.33,0.14,22.85,25.56,28.75,27.39,6.96,3.27,16.63,20.01,23.47,23.82
BHR,1,2018,704232.2,5.848,10.87,115,61.3,49.8,0.193,0.077,0.044,3.04,114.2,na,na,na,na,na,15.99,0.57,23.02,26.97,27.76,27.82,5.98,2.55,16.53,23.25,22.82,25
BRR,2,1987,na,na,3.8,120,54.3,12,0.2,0.092,0.24,1.83,88.5,0.05,0.267,0.433,123.5,2,14.63,0.248,na,na,na,na,na,na,na,na,na,na
BRR,2,1988,804.5,2.906,na,72,na,na,na,na,na,na,80.6,na,na,na,na,na,8.89,-1.235,na,na,na,na,na,na,na,na,na,na
BRR,2,1989,na,na,na,96,22,5,0.28,0.05,0.2,3.25,75.2,0,0.2,0.85,54,2,17.89,1.091,19.3,26.06,27.79,27.61,4.77,1.23,11.28,15.91,19.57,21.97
BRR,2,1990,na,na,2.5,106,na,na,na,na,na,na,94.5,na,na,na,na,na,7.73,-1.535,17.1,25,27.98,27.89,6.68,3.37,13.26,16.67,17.54,17.72
BRR,2,1991,na,na,na,85.3,na,na,na,0.063,na,6.17,81.8,0.025,na,na,na,5.5,8.77,-1.266,22.64,27.24,28.77,28.04,4.51,3.09,14.54,16.76,18.29,19.06
BRR,2,1992,5170,3.713,6.75,74.3,61.3,42.14285714,0.267,0.075,0.233,4.78,67.8,0.05,na,1.075,265,3.2,14.16,0.127,20.69,23.69,27.61,26.23,4.99,1.85,12.63,16.38,20.91,21.16
BRR,2,1993,7035,3.847,3.52,94,na,na,na,0.06,na,4,39.5,0.133,na,na,na,3.5,11.13,-0.656,21.22,26.1,29.8,28.68,6.09,2.72,13.38,15.43,17.51,18.97
BRR,2,1994,na,na,5.04,43.1,na,na,na,na,na,5,na,na,na,na,na,4.8,11.67,-0.517,19.29,26.85,27.83,26.93,4.17,0.82,13.42,16.33,19.98,22.16
BRR,2,1995,6236.3,3.795,11.71,59.7,na,na,na,na,na,5.96,62,na,na,na,na,6.2,8.4,-1.362,20.76,26.13,28.52,29.62,2.41,0.73,14.89,18.37,20.53,21.27
BRR,2,1996,na,na,na,75.7,na,na,na,na,na,3.76,67.4,na,na,0.957,na,4.1,16.72,0.789,21.32,25.82,27.67,27.76,7.81,2.86,15.87,19.93,20.5,22.37
BRR,2,1997,na,na,13.42,65,na,na,na,na,0.136,3.88,na,na,na,0.598,na,7.5,11.65,-0.522,17.73,23.34,29.15,26.98,4.85,2.23,14.58,17.28,18.65,19.2
BRR,2,1998,11692.2,4.068,16.35,49.7,na,na,na,na,na,na,na,na,na,na,na,na,17.53,0.998,23.13,26.12,28.98,28.43,5.6,1.44,14.91,17.84,21.28,23.18
BRR,2,1999,7772.8,3.891,na,73.3,8,7.5,0.5,na,0.17,2.9,147.5,na,0.175,1.075,35,1.4,10.6,-0.793,22.05,26.63,29.11,28.5,5.13,1.79,14.22,14.98,19.06,19.46
BRR,2,2000,5688.1,3.755,na,55.5,na,na,na,na,na,na,na,na,na,na,na,na,7.89,-1.494,21.12,26.33,27.9,27.83,5.71,1.47,14.94,18.35,19.57,20.86
BRR,2,2001,2575.8,3.411,na,64,na,na,na,na,na,na,na,na,na,na,na,na,15.27,0.414,23.27,25.91,28.05,29.01,3.66,1.31,13.73,15.42,16.67,17.36
BRR,2,2002,15219.8,4.182,na,49.3,na,na,na,na,na,na,na,na,na,na,na,na,12.64,-0.266,19.87,27.02,29.57,30.02,4.69,2.06,16.26,16.85,17.55,18.32
BRR,2,2003,32694.1,4.514,na,37.7,na,na,na,na,na,na,na,na,na,na,na,na,22.71,2.337,21.83,23.93,28.54,28.79,2.9,1.1,15.49,18.35,20.01,21.31
BRR,2,2004,21128,4.325,na,35.3,na,na,na,na,na,na,na,na,na,na,na,na,15.28,0.416,23.08,26.64,28.06,26.68,3.26,0.12,15.33,18.59,20.11,22.14
BRR,2,2005,15301.7,4.185,na,54,na,na,na,na,na,na,na,na,na,na,na,na,20.39,1.737,20.69,26.69,29.42,29.46,5.43,0.26,13.33,15.67,16.5,17.43
BRR,2,2006,28953.2,4.462,na,51.5,45,na,0.685,na,0.043,3.9,62.8,na,0.522,0.728,100,2.2,12.99,-0.176,19.88,26.06,28.52,29.26,4.96,1.36,14.37,16.17,16.45,17.75
BRR,2,2007,34295.9,4.535,na,36,na,na,0.459,0.018,0.008,2.7,70,0.015,0.18,0.671,114.8,2.4,8.11,-1.437,22.92,27,28.24,29.94,2.97,1.11,14.9,16.24,17.06,18.27
BRR,2,2008,na,na,na,na,na,na,na,na,na,na,na,na,na,na,na,na,10.51,-0.816,18.91,26.22,26.98,27.4,3.9,0.83,14.98,16.88,18.1,19
BRR,2,2009,na,na,na,60,89.4,na,0.843,0.051,1.218,7.13,75,0.03,0.434,3.408,189.8,6,17.61,1.019,20.58,26.66,27.23,27.27,4.4,0.41,15.39,18.48,20.18,21.04
BRR,2,2010,na,na,na,47,na,na,na,na,na,na,na,na,na,na,na,na,15.88,0.571,na,28.68,29.7,30.1,na,0.57,na,17.31,19.68,22.8
BRR,2,2011,167641.6,5.224,na,51,23.9,na,0.821,0.011,0.047,8.05,88.4,0,0.86,0.915,117.5,8.2,10.34,-0.86,na,na,na,29.87,na,na,na,na,na,21.29
BRR,2,2012,235323.1,5.372,na,53,11,na,0.73,0.183,na,2.82,87.9,na,na,na,na,na,12.74,-0.24,na,na,na,na,na,na,na,na,na,na
BRR,2,2013,4254997.5,6.629,18.96,48,17.4,na,na,0.048,0.055,4.04,90,0.11,na,2,28,3,14.58,0.235,na,na,27.81,na,na,na,na,na,20.15,na
BRR,2,2014,572033.1,5.757,na,49,11.9,na,1.6,0.07,0.005,3.8,na,0.084,0.8,0.108,25,2.2,15.53,0.481,na,na,na,28.03,na,na,na,na,na,na
BRR,2,2015,388149.5,5.589,8.29,59.7,13.3,na,0.88,0.122,0.013,3.52,86.4,0.186,0.8,1.181,67.3,2.4,19.19,1.427,na,26.4,na,28.18,na,0.39,na,15.16,na,23.16
BRR,2,2016,1029119,6.012,7.46,51,34.9,na,0.566,0.085,0.026,5.88,82.1,na,na,na,na,na,16.61,0.76,20.85,27.59,29.42,28.86,4.22,0.56,15.35,17.61,21.42,24.36
BRR,2,2017,3328178.8,6.522,14.15,42,53.9,18.6,0.605,0.091,0.028,5.59,66.5,na,na,na,na,na,13.86,0.049,23.3,26.15,29.85,28.25,3.24,0.57,17.82,20.99,22.7,23.85
BRR,2,2018,1240728,6.094,15.69,44,43.5,33.4,0.554,0.142,0.006,4.87,74.8,0.174,0.504,0.813,104,3.9,15.51,0.476,24.99,27.77,28.75,28.86,4.1,0.3,14.63,18.34,22.19,22.52
BVR,2,1987,na,na,29.77,na,16.3,12.5,na,0.15,na,3.17,na,0.233,0.6,3.3,353.7,9.3,12.71,0.385,na,na,na,na,na,na,na,na,na,na
BVR,2,1988,na,na,18.4,54,9.7,5,na,0.15,na,1.36,214.7,0.067,0.767,1.767,110,3,6.84,-1.265,na,na,na,na,na,na,na,na,na,na
BVR,2,1989,na,na,20.8,50,10.4,5,na,0.094,na,3.44,209.7,0.05,0.45,3.15,89,4,10.36,-0.276,14.58,23.88,26.27,25.02,8.37,4.63,9.07,15,15.92,15.67
BVR,2,1990,na,na,5,58,na,na,na,na,na,na,na,na,na,na,na,na,18.12,1.905,14.23,19.15,27.29,26.64,8.92,5.56,11.21,13.29,16.86,18.18
BVR,2,1991,na,na,na,na,na,na,na,0.05,na,na,235.5,0,na,na,na,3,8.77,-0.723,18.93,26.77,26.11,25.36,6.99,4.26,10.37,15.28,13.45,14.1
BVR,2,1992,13476.1,4.13,12.3,61.3,na,na,na,0.075,na,3.5,114.3,0,0.65,3,67.5,3.5,18.33,1.964,15.66,18.06,24.2,23.94,10,6.54,9.64,8.01,13.2,17.68
BVR,2,1993,30787,4.488,9.22,68,na,na,na,na,na,na,165.6,na,na,na,na,na,10.83,-0.144,12.64,na,na,26.04,9.91,na,9.54,na,na,14.03
BVR,2,1994,na,na,12.74,47.3,na,na,na,na,na,12.67,na,na,na,na,na,15.5,8.65,-0.756,15.21,24.45,25.61,na,8.73,6.06,10.03,11.35,12.66,na
BVR,2,1995,34748.2,4.541,8.39,53,na,na,na,na,na,8.7,122,na,na,na,na,16.4,12.34,0.281,15.86,23.69,26.13,28.88,9.75,4.7,11.47,15.4,16.59,18.18
BVR,2,1996,na,na,na,55,na,na,na,na,na,5.22,134.3,na,na,2.54,na,6.1,12.84,0.421,14.49,23.46,26.55,26.73,9.54,5.31,11.67,15.32,16.89,17.06
BVR,2,1997,na,na,12.34,70.7,na,na,na,na,1.59,5.15,na,na,na,2.12,na,8.9,10.19,-0.324,14.51,20.3,26.86,27.68,7.6,5.77,10.35,15.23,16.24,17.3
BVR,2,1998,2326.8,3.367,17.84,65.5,na,na,na,na,na,na,na,na,na,na,na,na,17.14,1.63,21.27,22.81,27.1,27.46,6.79,3.32,12.71,15.41,19.41,20.19
BVR,2,1999,4794.2,3.681,na,77,12.5,10,0.5,na,1.2,3.93,130,na,0.3,2.1,90,2.8,9.94,-0.394,18.13,24.18,27.61,26.76,8.78,7.45,9.67,11.24,11.76,12.81
BVR,2,2000,5979.9,3.777,na,62.7,na,na,na,na,na,na,na,na,na,na,na,na,14.44,0.871,18.59,24.49,26.2,25.53,5.44,3.2,10.37,12.3,14.46,15.03
BVR,2,2001,31717.2,4.501,na,54.3,na,na,na,na,na,na,na,na,na,na,na,na,14.09,0.772,19.27,24.58,26.7,26.47,5.25,1.57,10.95,15.85,17.07,17.67
BVR,2,2002,15482,4.19,na,79,na,na,na,na,na,na,na,na,na,na,na,na,5.64,-1.602,14.99,24.76,28.57,27.76,6.79,3.5,13.67,15.69,16.09,16.13
BVR,2,2003,1770.4,3.248,na,83.7,na,na,na,na,na,na,na,na,na,na,na,na,15.57,1.188,17.26,20.82,26.63,26.93,6.32,2.45,10.04,13.05,18.76,22.06
BVR,2,2004,3647.2,3.562,na,99.5,na,na,na,na,na,na,na,na,na,na,na,na,11.87,0.149,18.55,24.65,25.28,24.97,7.04,3.06,10.04,16.11,18.82,19.95
BVR,2,2005,1678.5,3.225,na,120,na,na,na,na,na,na,na,na,na,na,na,na,8.59,-0.773,15.89,24.4,27.77,27.96,8.02,4.67,11.4,13.27,15.4,16.61
BVR,2,2006,1801.9,3.256,na,81.7,na,na,na,na,na,na,na,na,na,na,na,na,10.05,-0.363,17.56,24.81,27.61,27.04,7.14,2.51,12.05,14.74,17.13,19.01
BVR,2,2007,5751.5,3.76,na,52,na,na,0.413,0.018,0.674,5.78,142,0,0.215,1.488,9,4.1,8.06,-0.922,19.72,25.25,26.39,27.92,7.64,4.21,9.35,10.79,12.44,13.56
BVR,2,2008,24493.3,4.389,na,na,19.7,na,0.858,0.062,1.168,10.88,167.5,0.113,0.4,1.55,8.3,21,6.11,-1.47,16.65,24.03,25.65,26.41,7.96,3.81,11.25,17.93,20.96,21.4
BVR,2,2009,na,na,na,68.5,97.5,na,0.763,0.112,4.215,14.65,153.3,0.058,0.53,7.3,45,23,9.29,-0.576,19.24,24.85,25.65,27.07,7.26,3.28,12.9,15.7,16.79,18.57
BVR,2,2010,na,na,na,na,na,na,na,na,na,na,na,na,na,na,na,na,8.15,-0.897,17.69,25.72,28.54,28.62,6.64,1.76,11.95,16.81,22.27,21.82
BVR,2,2011,na,na,na,na,na,na,na,na,na,na,na,na,na,na,na,na,7.58,-1.057,na,na,na,na,na,na,na,na,na,na
BVR,2,2012,128912.5,5.11,na,59,24.3,na,0.59,0.015,0.886,2.38,153.3,0,0.39,0.89,43,2.5,7.56,-1.063,na,25.79,na,na,na,4.21,na,9.86,na,na
BVR,2,2013,3824455.9,6.583,6.14,97,36.3,na,na,0.024,0.187,4.4,150,0.02,na,0.25,43,1.8,7.5,-1.08,na,na,na,na,na,na,na,na,na,na
BVR,2,2014,38359.4,4.584,na,35,na,na,na,na,na,na,na,0.092,1,1.41,38.6,2.9,12.75,0.396,na,na,na,25.33,na,na,na,na,na,18.44
BVR,2,2015,202880.1,5.307,9.24,35,27,na,1.7,0.125,1.435,5.2,na,0.214,0.9,2.38,9,4.4,15.74,1.236,na,na,25.64,26.66,na,na,na,na,17.99,21.91
BVR,2,2016,901215.4,5.955,9.15,52,42.8,na,0.656,0.028,0.028,7.94,na,0.018,0.399,0.623,107,5.9,14.4,0.86,16.19,24.65,26.89,29.16,6.01,2.9,11.38,12.58,13.42,14.12
BVR,2,2017,1388807.7,6.143,6.75,76,62.4,27,0.722,0.116,1.578,6.1,180.3,0.092,0.34,2.95,60,4.4,13.98,0.742,17.96,23.59,26.61,26.65,6.05,2.06,13.27,16.87,21.61,23.2
BVR,2,2018,239695.5,5.38,4.75,156,70.6,55.3,0.618,0.15,0.738,4.91,157,0.137,0.277,0.952,93,3.4,14.49,0.885,21.03,27.59,27.5,28.33,10.08,4.7,10.58,11.81,13.85,13.61
CBR,3,1987,na,na,26.38,46,18.6,6.142857143,0.429,0.157,0.986,2.36,186.7,0,0.258,4.133,14.8,2.6,9.67,-0.637,na,na,na,na,na,na,na,na,na,na
CBR,3,1988,na,na,54,30,34,na,0.9,0.05,0.2,4,161.5,0,0.233,3.08,9.7,2,8.98,-0.849,na,na,na,na,na,na,na,na,na,na
CBR,3,1989,na,na,1.75,75,17.5,5,0.5,0.1,1.9,6,196.5,0.125,0.475,5.675,69.8,4.3,13.86,0.655,14.8,22.99,26.13,23.95,5.41,2.72,12.77,18.59,19.89,21.48
CBR,3,1990,na,na,4.67,36,na,na,na,na,na,na,na,na,na,na,na,na,16.11,1.349,16.21,20.2,23.51,24.49,8.55,na,14.28,18.09,19.83,21.19
CBR,3,1991,na,na,na,na,na,na,na,0.05,na,4,7.9,0,0.14,1.31,108,2.8,5.4,-1.953,17.97,24.98,26.85,23.28,-0.09,0.09,13.37,17.13,19.22,20.76
CBR,3,1992,7774.5,3.891,15.01,36,90,45,0.8,0.2,0.4,4.75,86,0.125,0.75,1.863,45,3.8,12,0.082,15.31,20.3,23.86,24.28,7.96,2.83,14.86,15.44,19.67,21.59
CBR,3,1993,28703.7,4.458,13.37,31.5,na,na,na,na,na,na,178.5,na,na,na,na,na,13.1,0.421,16.68,21.97,26.25,25.48,4.94,3.75,13.12,18.15,23.65,22.77
CBR,3,1994,na,na,20.28,33.5,na,na,na,na,na,10.4,na,na,na,na,na,10.2,11.8,0.02,15.37,24.13,25.09,23.94,7.68,0.79,14.24,18.74,21.41,22.4
CBR,3,1995,612.7,2.787,8.88,44,na,na,na,na,na,9.67,173,na,na,na,na,14.7,13.52,0.55,15.7,22,25.48,27.6,8.54,4.91,13.93,17.88,20.51,22.77
CBR,3,1996,na,na,na,33,na,na,na,na,na,6.4,140,na,na,3.505,na,3.1,12.5,0.236,14.73,21.36,24.99,24.6,13.24,3.27,15.12,18.91,22.46,23.38
CBR,3,1997,na,na,22.99,38.4,na,19.2,na,na,0.584,8.33,na,na,na,2.695,na,11,16.45,1.454,13.88,19.87,25.56,24.16,7.65,4.71,13.91,18.27,23.62,23.92
CBR,3,1998,17563.8,4.245,51.46,33.3,na,na,na,na,na,na,na,na,na,na,na,na,11.37,-0.113,20.41,22.97,25.76,25.88,1.65,2.89,15.31,20.13,24.02,24.95
CBR,3,1999,34547.7,4.538,na,40.7,28,5,1.1,na,0.025,4.92,130,na,0.275,3.45,15,2.4,7.4,-1.337,18.56,23.36,27.3,25.23,4.73,1.05,15.94,20.18,23.71,24.79
CBR,3,2000,43475.8,4.638,na,32,na,na,na,na,na,na,na,na,na,na,na,na,14.66,0.902,18.5,23.55,24.57,23.98,5.64,2.64,16.41,21.31,23.51,23.94
CBR,3,2001,191.5,2.282,na,66,na,na,na,na,na,na,na,na,na,na,na,na,13,0.39,19.35,23.21,25.6,26.24,3.64,3.35,16.04,17.54,22.93,24.66
CBR,3,2002,8326.5,3.92,na,46,na,na,na,na,na,na,na,na,na,na,na,na,7.79,-1.216,16.21,23.71,26.61,26.34,8.73,4.2,14.64,19.93,22.93,25.7
CBR,3,2003,26612.4,4.425,na,40,na,na,na,na,na,na,na,na,na,na,na,na,19.07,2.261,17.35,20.77,25.1,25.91,7.6,6.75,16.83,19.36,23.13,24.01
CBR,3,2004,15608.5,4.193,na,35.3,na,na,na,na,na,na,na,na,na,na,na,na,8.05,-1.136,18.58,23.01,24.89,23.61,5.05,2.91,17.47,21.98,23.83,22.73
CBR,3,2005,71148,4.852,na,25,na,na,na,na,na,na,na,na,na,na,na,na,7.09,-1.432,16.91,23.78,26.82,25.85,8.08,1.34,14.2,19.53,23.31,23.79
CBR,3,2006,65517.2,4.816,na,23,na,na,na,na,na,na,na,na,na,na,na,na,14.64,0.896,16.62,23.8,26.35,26.6,6.58,0.46,15.76,18.51,22.36,24.48
CBR,3,2007,67449.7,4.829,na,36,44,na,1.19,0.018,0.008,4.58,159,0,0.561,3.711,9,2.1,9.84,-0.584,19.97,24.32,25.41,27.04,4.58,2.63,16.42,20.37,22.84,24.93
CBR,3,2008,277333.3,5.443,na,27,43.4,na,1.204,0.047,0.029,11.71,158.6,0.044,0.345,2.035,7.8,20,12.86,0.347,16.67,22.82,24.98,25.49,7.92,2.72,15.97,21.59,23.74,24.08
CBR,3,2009,na,na,na,28,154.3,na,0.964,0.066,0.655,16.6,170,0.025,0.385,12.25,28.5,18,11.01,-0.224,19.21,23.79,25.08,25.18,6.66,1.62,17.22,20.58,21.75,23.4
CBR,3,2010,na,na,na,na,na,na,na,na,na,na,na,na,na,na,na,na,12.77,0.319,18.26,24.41,27.24,27.21,6.14,0.09,16.59,20.21,24.22,25.72
CBR,3,2011,na,na,na,na,na,na,na,na,na,na,na,na,na,na,na,na,9.41,-0.717,na,na,na,na,na,na,na,na,na,na
CBR,3,2012,na,na,na,25,46,na,1.01,0.015,0.034,3.9,163.3,0,0.415,4.45,11.5,3.2,7.67,-1.253,na,23.19,na,na,na,1.72,na,16.15,na,na
CBR,3,2013,8714723.8,6.94,32.31,27,35.8,na,na,0.036,0.017,4.46,na,0.045,na,2.51,0.7,2.6,13.7,0.606,na,na,na,24.73,na,na,na,na,na,na
CBR,3,2014,2393493.4,6.379,na,34,35.8,na,1.6,0.067,0.005,5,na,na,na,na,na,na,9.41,-0.717,na,na,na,na,na,na,na,na,na,na
CBR,3,2015,186984.4,5.272,28.94,37,2,na,0.525,0.136,0.424,3.78,176,0.258,0.85,0.708,19,3.6,15.64,1.204,na,na,24.7,na,na,na,na,na,21.23,na
CBR,3,2016,na,na,na,na,na,na,na,na,na,na,na,na,na,na,na,na,8.65,-0.951,17.68,24.46,27.56,27.14,6.22,1.48,14.47,18.91,21.58,22.77
CBR,3,2017,2614925.2,6.417,19.98,36,35.6,19.3,1.01,0.061,0.998,9.18,192.3,0.029,0.195,3.74,57.5,3.5,15.97,1.306,18.2,22.98,25.18,25.43,6.42,0.62,16.45,20.26,24.16,23.72
CBR,3,2018,5940343.7,6.774,25.16,35.7,69.8,33.9,0.908,0.088,0.243,6.56,173,0.072,0.236,3,52.3,2.5,12.14,0.125,18.21,26.86,26.9,25.93,4.96,2.78,15.22,20.91,21.13,22.93
CCK,2,1987,403.3,2.606,9.2,52.5,5,5,0.333,0.075,2.983,3.33,166.3,0.15,0.4,4.025,121,4,7.94,-1.372,na,na,na,na,na,na,na, ,na,na
CCK,2,1988,2.4,0.38,23.13,44,20.8,32.5,0.478,0.05,3.624,3.72,138.4,0,0.367,1.74,23.8,4.2,10.17,-0.712,na,na,na,na,na,na,na,na,na,na
CCK,2,1989,na,na,7.33,41,27.4,10.85714286,0.353,0.145,3.474,2.61,143,0,0.467,3.067,48.7,3.3,12.48,-0.029,15.94,22.87,26.89,25.22,7.75,3.59,9.99,13.02,13.35,13.29
CCK,2,1990,na,na,3.5,41,63,50,na,na,na,na,140,0,0.467,4.633,81.3,2.3,17.16,1.356,15.39,21.96,26.47,25.66,6.62,3.02,10.79,15.42,16.96,18.37
CCK,2,1991,na,na,na,60,na,na,na,0.05,na,4,na,0,0.225,0.675,168.3,4.3,8.25,-1.28,19.94,24.43,26.29,25.3,9.4,na,10.35,11.49,14.72,12.6
CCK,2,1992,na,na,30.96,39.5,59.2,26.25,1.367,0.038,2.71,4.73,137.8,0,1,2.55,141.5,4,11.94,-0.189,16.81,22.99,22,24.72,8.71,4.56,7.38,7.77,7.21,10.52
CCK,2,1993,14461.8,4.16,11.99,34,na,na,na,0.068,na,5.8,150.7,0.067,na,na,na,6,5.93,-1.967,18.29,21.83,26.29,26.53,10.22,na,7.56,8.52,9.11,9.48
CCK,2,1994,na,na,11.46,47,na,na,na,na,na,7.86,na,na,na,na,na,9.5,14.1,0.45,15.87,25.41,27.45,26,8.76,3.24,9.69,10.62,11.6,11.56
CCK,2,1995,6745,3.829,na,43.3,na,na,na,na,na,9.33,78.3,na,na,2.29,na,12.2,11.72,-0.254,16.43,25.73,26.68,29.43,8.48,2.87,10.63,14.42,15.26,15.41
CCK,2,1996,na,na,na,38.7,na,na,na,na,2.99,5.83,101.7,na,na,2.4,na,5.2,12.06,-0.153,16.79,23.44,25.65,27.61,7.2,3.96,12.29,15.69,16.28,16.21
CCK,2,1997,na,na,14.75,49.3,na,na,na,na,2.6,7.26,na,na,na,1.129,na,10.4,17.26,1.385,15.06,23.17,27.63,25.8,6.92,4.05,9.73,15.39,16.58,17.08
CCK,2,1998,3094.9,3.491,28.46,52.3,na,na,na,na,na,na,na,na,na,na,na,na,14.77,0.649,20.6,23.15,27.77,26.92,4.58,2.23,11.14,14.72,16.89,18.13
CCK,2,1999,15475.5,4.19,na,62,23.5,5,1.8,na,4.384,4.19,102.7,na,1.75,0.965,53.8,3.9,8.16,-1.307,20.04,24.67,28.21,26.59,7.19,4.59,8.41,9.51,9.91,10.31
CCK,2,2000,33817.7,4.529,na,41.3,na,na,na,na,na,na,na,na,na,na,na,na,14.24,0.492,18.89,23.73,26.61,25.21,5.55,2.65,9.76,11.17,13.22,13.74
CCK,2,2001,25032.5,4.399,na,28,na,na,na,na,na,na,na,na,na,na,na,na,14.17,0.471,20.15,22.45,27.11,26.88,4.52,1.31,10.93,14.89,15.32,15.39
CCK,2,2002,41737.1,4.621,na,25.3,na,na,na,na,na,na,na,na,na,na,na,na,17.3,1.397,17.49,24.87,28.44,28.49,6.33,2.93,12.83,15.08,15.26,15.98
CCK,2,2003,123446.4,5.091,na,70.3,na,na,na,na,na,na,na,na,na,na,na,na,13.87,0.382,17.32,22.32,25.83,27.48,5.53,2.2,10.64,13.39,15.52,16.23
CCK,2,2004,7556.3,3.878,na,90.8,na,na,na,na,na,na,na,na,na,na,na,na,10.45,-0.629,20.11,24.19,25.36,24.87,7.09,2.67,10.08,15.75,16.65,16.73
CCK,2,2005,2038.5,3.309,na,96,na,na,na,na,na,na,na,na,na,na,na,na,10.93,-0.487,na,24.64,27.67,27.58,na,3.44,na,10.28,10.6,11.27
CCK,2,2006,15802.9,4.199,na,45.3,na,na,na,na,na,na,na,na,na,na,na,na,12.68,0.03,17.65,23.82,27.76,27.98,6.82,3.2,8.72,11.33,11.68,11.84
CCK,2,2007,146969.2,5.167,na,30,na,na,0.92,0.118,0.234,3.81,112,0,0.366,0.289,27,2.6,9.3,-0.97,20.93,24.72,25.65,27.87,7.11,4,7.8,9.17,9.23,10.01
CCK,2,2008,15428.6,4.188,na,na,37.5,na,na,0.069,1.96,7.92,130,0.061,na,0.474,25,20.3,11.03,-0.458,16.97,23.68,25.88,26.15,6.02,2.56,9.88,17.56,17.9,17.67
CCK,2,2009,na,na,na,54,136.4,na,0.907,0.076,4.825,12.61,190,0.115,0.81,6.55,94.5,16.5,10.05,-0.748,20.19,na,24.86,23.72,6.28,na,9.56,na,10.67,11.51
CCK,2,2010,63199.1,4.801,na,50,52.2,na,0.466,0.025,3.192,3.67,158.3,0,1.6,4.033,360,4.9,13.56,0.291,17.9,24.94,27.72,27.72,4.96,1.34,9.15,11.18,13.14,13.39
CCK,2,2011,na,na,na,na,na,na,na,na,na,na,na,na,na,na,na,na,9.46,-0.922,na,na,na,na,na,na,na,na,na,na
CCK,2,2012,na,na,na,na,na,na,na,na,na,na,na,na,na,na,na,na,7.49,-1.505,21.25,na,na,na,3.57,na,8.33,na,na,na
CCK,2,2013,2823423.8,6.451,13.35,60,3.5,na,na,0.262,1.12,3.71,126.7,na,na,na,na,na,14.26,0.498,na,na,na,na,na,na,na,na,na,na
CCK,2,2014,787281.3,5.896,na,46,53,na,1.8,0.176,0.717,4.45,142,na,na,na,na,na,14.66,0.616,na,na,na,na,na,na,na,na,na,na
CCK,2,2015,572727.2,5.758,12.67,25,24.5,na,1.138,0.145,1.237,4.9,142.4,0.11,0.4,4.59,22,3.5,18.84,1.853,na,na,26.03,na,na,na,na,na,20.82,na
CCK,2,2016,na,na,na,na,na,na,na,na,na,na,na,na,na,na,na,na,12.87,0.087,17.39,27.5,28.07,28.46,5.58,3.05,10.24,11.36,11.42,12
CCK,2,2017,463459.1,5.666,4.48,48,46.3,17.3,0.862,0.101,2.378,5.15,180.2,0.071,0.35,3.18,62,3,16.81,1.252,18.79,24.84,na,26.15,4.25,0.78,14.38,14.87,na,17.94
CCK,2,2018,1394779.7,6.145,17.15,50.7,71.7,38.86666667,0.732,0.117,1.049,5.69,134,0.092,0.39,2.69,64.8,4.6,18.57,1.773,18.84,25.22,28.39,26.37,6.62,3.14,10.8,11.59,12.93,13.68
CFK,1,1987,na,na,8.87,na,5,5,na,0.05,na,1,na,0,na,na,10.5,0.9,11.76,-0.501,na,na,na,na,na,na,na,na,na,na
CFK,1,1988,919.1,2.963,15,70,29.5,16.5,na,0.05,na,2.5,71.5,0,na,na,14.6,2,6.76,-1.616,na,na,na,na,na,na,na,na,na,na
CFK,1,1989,na,na,5.63,63,10.8,5,na,0.1,na,1.67,61.8,0.15,na,na,38.3,3.3,20.52,1.453,16.72,24.31,26.93,27.02,7.05,4.59,10.02,13.55,15.06,15.39
CFK,1,1990,na,na,na,na,na,na,na,na,na,na,na,na,na,na,na,na,15.09,0.242,19.25,25.06,27.87,27.29,7.72,4.39,9.77,10.86,12.54,13.2
CFK,1,1991,na,na,na,na,na,na,na,0.05,na,2,66,0,na,na,na,6.2,12.16,-0.412,22.8,26.98,29.23,27.12,na,4.55,9.85,10.29,10.91,12.39
CFK,1,1992,2333.3,3.368,5.31,73,na,na,na,0.058,na,5.33,43,0.044,na,na,na,4.2,16.66,0.592,19.55,24.08,26.53,26.37,7.33,6.21,8.39,8.8,11.24,13.2
CFK,1,1993,12461.4,4.096,3.85,84,na,na,na,na,na,na,79,na,na,na,na,na,16.75,0.612,20.46,25.29,29.23,27.89,7.67,6.29,8.24,8.81,10.16,12.61
CFK,1,1994,na,na,na,117.5,na,na,na,na,na,4.25,na,na,na,na,na,11.4,11.03,-0.664,18.16,25.11,26.67,25.6,6.35,3.96,11.04,11.46,10.86,13.11
CFK,1,1995,2968.6,3.473,3.31,103,na,na,na,na,na,4.8,74.5,na,na,0.318,na,8.4,8.68,-1.188,18.92,24.36,27.64,29.23,7.53,4.38,11.04,13.34,11.28,14.5
CFK,1,1996,na,na,na,113.3,na,na,na,na,na,3.54,70.5,na,na,0.471,na,4.2,12.82,-0.265,20.11,25.97,27.43,27.99,7.26,3.25,10.59,16.37,16.82,17.53
CFK,1,1997,na,na,5.16,48,na,na,na,na,0.018,4.04,na,na,na,0.267,na,5.6,13.95,-0.013,17.83,24.52,28.44,27.08,5.03,3.24,11.66,13.84,17.45,17.66
CFK,1,1998,759.9,2.881,4.43,90.5,na,na,na,na,na,na,na,na,na,na,na,na,15.55,0.344,22.19,26.44,28.35,27.83,5.66,3.9,12.52,14.76,16.1,17.23
CFK,1,1999,128,2.107,na,na,18,5,0.2,na,0.058,2.32,75.5,na,0.467,0.283,16.7,2.3,6.83,-1.601,21.86,26.27,27.98,26.71,7.62,7.03,9.89,10.76,11.79,12.85
CFK,1,2000,471.9,2.674,na,72,na,na,na,na,na,na,na,na,na,na,na,na,16.67,0.594,20.51,25.36,27.26,27.3,5.83,4.08,11.09,12.1,18.02,20.07
CFK,1,2001,438.2,2.642,na,79,na,na,na,na,na,na,na,na,na,na,na,na,14.29,0.063,21.76,25.11,26.93,27.47,7.36,6.59,8.28,9.21,10.3,18.04
CFK,1,2002,134.1,2.127,na,108.7,na,na,na,na,na,na,na,na,na,na,na,na,11.75,-0.503,19.17,26.62,28.96,28.75,4.84,3.51,13.69,13.75,14.34,15.3
CFK,1,2003,11475.5,4.06,na,59.3,na,na,na,na,na,na,na,na,na,na,na,na,19.42,1.207,21.3,24.05,26.3,27.87,6.01,2.77,13.33,16.95,17.67,18.63
CFK,1,2004,1347.1,3.129,na,96.3,na,na,na,na,na,na,na,na,na,na,na,na,13.16,-0.189,21.43,24.79,28,27.89,7.77,3.69,10.15,16.9,17.6,17.86
CFK,1,2005,171.4,2.234,na,92,na,na,na,na,na,na,na,na,na,na,na,na,9.66,-0.969,21.71,27.76,27.18,28.75,6.1,4.37,10.83,11.48,12.79,13.32
CFK,1,2006,2919,3.465,na,99.7,na,na,na,na,na,na,na,na,na,na,na,na,11.54,-0.55,21.3,25.38,28.4,28.78,6.75,3.38,11,12.28,14.14,16.08
CFK,1,2007,1351.5,3.131,na,132,na,na,0.339,0.018,0.008,3.12,121.6,0,0.076,0.334,12.4,2.5,5.29,-1.944,22.4,26.08,25.95,28.05,6.86,4.16,10.58,10.43,11.66,12.57
CFK,1,2008,1876.3,3.273,na,216,0.7,na,0.23,0.038,0.017,12.57,172.9,0.052,0.24,0.267,21.9,20,9.46,-1.014,18.12,24.07,27.08,27.2,5.89,4.58,8.72,9.12,10.96,12.59
CFK,1,2009,na,na,na,67,39.8,na,0.781,0.043,0.126,8.31,120,0.041,0.589,3.187,269.3,9.2,16.58,0.574,21.96,24.88,26.52,27.97,8.85,4.59,12.86,15.62,18.06,19.43
CFK,1,2010,na,na,na,100,na,na,na,na,na,na,na,na,na,na,na,na,13.24,-0.171,21.88,28.93,29.46,29.73,8.12,4.08,11.36,12.02,13.44,15.24
CFK,1,2011,na,na,na,na,na,na,na,na,na,na,na,na,na,na,na,na,13.9,-0.024,na,na,na,na,na,na,na,na,na,na
CFK,1,2012,64353.2,4.809,na,74,na,na,na,na,na,na,na,na,na,na,na,na,15.06,0.235,na,na,na,25.98,na,na,na,na,na,19.92
CFK,1,2013,1033383.8,6.014,4.81,87,8,na,na,0.017,0.148,3.82,na,0.084,na,0.33,61,5.9,28.35,3.199,na,na,na,26.55,na,na,na,na,na,16.43
CFK,1,2014,51249.4,4.71,na,144,6.7,na,0.806,0.065,0.037,3.11,103.6,0.124,1.1,0.65,13.4,3.4,17.69,0.821,na,na,27.24,26.28,na,na,na,na,11.5,14.09
CFK,1,2015,96946.6,4.987,2.45,103,2,na,0.429,0.129,0.005,2.86,126,na,na,na,na,na,15.56,0.346,na,na,na,28.53,na,na,na,na,na,19.73
CFK,1,2016,85879.1,4.934,2.02,249,31.6,na,0.286,0.102,0.04,4.21,131,na,na,na,na,na,16.45,0.545,19.56,27.4,29.35,30.43,6.21,7.04,10.05,12.78,13.92,15.94
CFK,1,2017,67562.9,4.83,4.05,156,7.6,57.7,0.164,0.065,0.006,4.23,94.4,0.081,0.16,0.164,20,2.7,14.18,0.039,21.13,26.07,28.85,28.14,6.36,3.29,13.21,15.57,16.39,18.12
CFK,1,2018,396553.2,5.598,6.19,168,88.8,89.2,0.152,0.074,0.036,3.26,129.5,na,na,na,na,na,17.41,0.759,23.35,27.41,29.35,28.33,6.4,5.9,10.83,12.84,14.89,16.29
CHL,3,1987,na,na,45.6,24,23.5,18,0.4,0.05,1,4.5,129.5,0,0.3,1.95,84,2.5,18.17,1.736,na,na,na,na,na,na,na,na,na,na
CHL,3,1988,na,na,30.8,36,50,1150,0.4,0.05,3.9,2.33,113,0,0.4,0.325,47.5,1.8,6.88,-1.307,na,na,na,na,na,na,na,na,na,na
CHL,3,1989,na,na,8.25,42,27,26,0.5,0.05,3.2,1.5,121.5,0.15,0.5,2.4,118.5,2.5,13.61,0.507,16.74,24.77,27.04,25.81,5.92,0.98,10.87,16.16,18.83,21.87
CHL,3,1990,na,na,3.25,32,na,na,na,na,na,na,na,na,na,na,na,na,14.77,0.82,15.08,21.91,25.96,26.74,9.36,na,10.84,15.9,19.97,21.92
CHL,3,1991,na,na,na,na,13.3,5,0.6,0.05,1.6,na,176,0,0.25,0.15,32.5,7,7.12,-1.242,20.78,27.44,27.93,25.27,4.39,3.99,12.77,14.13,14.96,15.2
CHL,3,1992,9499.8,3.978,4.79,64,30,na,0.65,na,na,6,130,0.3,0.3,3.9,38,5.5,14.2,0.666,17.58,23.64,24.54,23.64,8.5,2.01,11.67,12.97,14.46,18.04
CHL,3,1993,268000,5.428,na,16,na,na,na,0.15,na,5,128.5,0.15,na,na,na,4,16.92,1.4,17.17,22.6,28.64,27.68,7.44,2.04,11.47,15.35,21.07,22.75
CHL,3,1994,na,na,23.45,24,na,na,na,na,na,8,na,na,na,na,na,16.3,7.15,-1.234,17.6,25.59,27.65,25.57,4.05,0.75,12.76,16.31,18.94,19.4
CHL,3,1995,9716.2,3.987,6.48,25,na,na,na,na,na,9.9,85,na,na,na,na,16.1,8.78,-0.795,16.58,23.28,26.88,29.13,5.05,0.75,13.36,15.72,17.59,18.27
CHL,3,1996,na,na,na,58,na,na,na,na,na,5.5,137,na,na,3.86,na,6.5,9.52,-0.595,16.32,23.37,26.24,26.72,6.15,2.62,12.9,15.87,19.37,20.53
CHL,3,1997,na,na,4.33,58,na,na,na,na,2.63,4.39,na,na,na,0.371,na,6.9,8.95,-0.749,15.44,21.77,27.57,25.39,6.86,3.29,13.36,15.71,17.55,18.53
CHL,3,1998,7148.1,3.854,23.75,45,na,na,na,na,na,5.3,130,na,0.6,na,na,4.5,14.95,0.869,19.71,23.79,28.34,26.97,4.03,1.43,14.25,17.48,20.95,23.36
CHL,3,1999,25791.4,4.411,na,36,20,5,na,na,na,5.9,99,na,1.4,0.32,100,5,11.69,-0.01,19.66,23.96,28.9,27.64,4.95,1.3,12.47,16.08,18.47,19.41
CHL,3,2000,29638.5,4.472,na,20,na,na,na,na,na,na,na,na,na,na,na,na,15.89,1.122,19.54,24.16,26.87,26.35,na,2.51,na,16.9,19.13,19.68
CHL,3,2001,5544,3.744,na,38,na,na,na,na,na,na,na,na,na,na,na,na,17.89,1.661,20.68,25.16,28.55,28.61,2.17,2.05,13.24,16.37,18.43,19.16
CHL,3,2002,8894,3.949,na,38,na,na,na,na,na,na,na,na,na,na,na,na,7.23,-1.212,16.37,24.52,28.72,27.78,5.35,2.13,13.33,16.49,21.26,21.58
CHL,3,2003,14217.4,4.153,na,43,na,na,na,na,na,na,na,na,na,na,na,na,13.37,0.443,19.22,22.02,26.4,27.06,2.62,1.48,14.4,17.75,19.24,22.62
CHL,3,2004,31371.5,4.497,na,32,na,na,na,na,na,na,na,na,na,na,na,na,12.15,0.114,19.82,25.24,26.38,24.86,2.64,1.12,13.96,18.92,21.61,21.2
CHL,3,2005,57073,4.756,na,38,na,na,na,na,na,na,na,na,na,na,na,na,14.53,0.755,18.43,24.91,26.98,27.74,5.81,0.51,12.91,16.41,17.89,20.34
CHL,3,2006,53024.8,4.724,na,39.3,na,na,na,na,na,na,na,na,na,na,na,na,9.39,-0.63,17.62,25.61,26.19,27.95,4.79,1.28,14.22,17.3,20.52,21.87
CHL,3,2007,90806.6,4.958,na,42,na,na,0.934,0.018,0.008,4.54,110,0,0.491,0.199,9,2.5,9.84,-0.509,20.44,24.67,26.93,26.97,4.95,0.53,12.27,14.37,16.65,16.57
CHL,3,2008,55698.8,4.746,na,42,52,na,0.806,0.142,1.56,10.88,110,0.082,0.835,4.85,165,21.5,18.18,1.739,15.61,23.71,26.29,26.9,6.6,1.57,13.3,18.11,22.53,25.51
CHL,3,2009,na,na,na,42,83.6,na,0.859,0.106,8.179,12.11,145,0.195,1.3,9.25,160,13.5,12.79,0.286,18.2,26.29,26.5,26.22,3.78,0.6,14.37,18.5,21.19,22.61
CHL,3,2010,na,na,na,42,24,na,0.46,0.025,1.8,4.2,130,0,0.14,3.6,100,3.2,13.69,0.529,18.72,26.43,28.43,29.32,2.31,6.16,15.1,18.45,24.28,27.14
CHL,3,2011,na,na,na,na,na,na,na,na,na,na,na,na,na,na,na,na,6.91,-1.299,na,na,na,na,na,na,na,na,na,na
CHL,3,2012,261051.8,5.417,na,28,na,na,na,na,na,na,na,na,na,na,na,na,5.41,-1.703,na,na,na,27.97,na,na,na,na,na,19.08
CHL,3,2013,4195412.2,6.623,34.84,36,9.6,na,na,0.068,0.109,5.13,170,na,na,na,na,na,9.85,-0.506,na,na,na,na,na,na,na,na,na,na
CHL,3,2014,na,na,na,72,35.8,na,1.75,0.089,0.883,4.3,126,na,na,na,na,na,7.44,-1.156,na,na,24.9,na,na,na,na,na,17.32,na
CHL,3,2015,463806.6,5.666,18.4,38,4.4,na,1.06,0.094,0.816,5.26,128,0.08,0.6,2.65,2,2.8,13.1,0.37,na,na,25.8,26.91,na,na,na,na,21.1,22.28
CHL,3,2016,393856.5,5.595,17.82,45,49.5,na,0.792,0.152,0.073,6.1,127.3,na,na,na,na,na,11.64,-0.024,16.7,27.34,28.04,na,4,0.35,14.13,17.2,18.38,21.32
CHL,3,2017,2982220.1,6.475,15.08,27,43.2,28.76666667,1.008,0.117,1.019,6.75,123,0.076,0.36,3.96,50,3.2,9.08,-0.714,18.82,24.99,28.04,na,4.29,0.3,13.23,18.37,22.33,22.97
CHL,3,2018,5320729.4,6.726,24.98,30,75.8,46.8,1.227,0.091,1.193,8.21,109.5,0.044,0.451,4.51,122,4.7,14.2,0.666,19.26,26.5,27.9,na,6.34,0.51,11.27,14.9,21.58,21.26
CMR,3,1987,na,na,71.2,24,5,5,0.4,0.05,1.05,6,116,0.1,0.4,1.5,108,4,18.79,1.555,na,na,na,na,na,na,na,na,na,na
CMR,3,1988,na,na,23,36,70,na,0.4,0.05,1.5,2.5,108.5,0,0.25,1.075,85,3,8.74,-1.028,na,na,na,na,na,na,na,na,na,na
CMR,3,1989,na,na,7.67,41,22.3,17.66666667,0.6,0.067,3.1,2,115,0.167,0.467,1.833,94.3,2.3,15.08,0.602,18.02,24.85,27.75,26.92,7.44,3.28,11.87,15.95,17.74,20.46
CMR,3,1990,na,na,14.23,15.8,183.7,100.1818182,0.809,0.468,1.39,4.91,83,0,0.467,1.9,88.7,2.2,13.89,0.296,16.11,23.84,27.54,25.42,9.13,8.73,11.53,15.87,19.13,20.93
CMR,3,1991,na,na,na,na,28.3,5,0.581,0.25,0.567,6.67,121,0,0.35,0.35,48,6,11.79,-0.244,22.23,27.08,27.85,26.41,4.58,0.81,12.1,14.62,17.63,19.14
CMR,3,1992,1668.7,3.222,8.47,23,42.5,na,0.75,na,na,6,86.3,1,0.3,1.6,30,5,14.67,0.496,19.41,24.35,25.66,24.74,8.72,na,12.02,13.42,19.57,20.56
CMR,3,1993,51040,4.708,na,37,na,na,na,0.2,na,4,104,0.2,na,na,na,3,19.62,1.768,17.79,23.85,27.71,26.64,7.54,5.14,13.01,17,20.95,21.66
CMR,3,1994,na,na,19.22,20,na,na,na,na,na,8,na,na,na,na,na,13.7,11.2,-0.396,18.53,25.55,28.6,25.85,3.03,0.2,12.34,16.79,20.33,20.96
CMR,3,1995,33826.7,4.529,8.63,19,na,na,na,na,na,11,79,na,na,0.209,na,16.4,8.93,-0.979,18.25,25.32,27.58,29.39,4.51,0.71,14.46,16.33,17.81,19.35
CMR,3,1996,na,na,na,45,na,na,na,na,na,4.71,124,na,na,2.63,na,5.8,10.77,-0.506,17.3,na,26.08,28.71,6.15,na,13.31,na,17.23,19.5
CMR,3,1997,na,na,19.25,40,na,na,na,na,1.63,4.46,na,na,na,1.42,na,6.5,13.83,0.28,16.44,22.7,28.06,25.93,5.64,1.97,13.55,15.44,18.12,19.49
CMR,3,1998,13406.4,4.127,49.6,28,na,na,na,na,na,na,na,na,na,na,na,na,13.89,0.296,25.22,23.84,27.72,27.28,3.53,0.62,13.74,17.64,20.66,22.59
CMR,3,1999,42653.4,4.63,na,28,40,50,na,na,na,7,83,na,0.4,0.26,70,3.8,11.75,-0.254,21.5,24.3,29.91,26.85,1.77,0.25,13.92,17.82,19.47,20.59
CMR,3,2000,31645.5,4.5,na,18,na,na,na,na,na,na,na,na,na,na,na,na,16.02,0.843,20.15,24.78,27.54,26.6,2.5,0.44,13.6,17.82,20.27,21.93
CMR,3,2001,39080.5,4.592,na,38,na,na,na,na,na,na,na,na,na,na,na,na,16.53,0.974,22.65,23.46,27.83,28.94,1,0.77,15.45,17.73,19.39,22.01
CMR,3,2002,10765.4,4.032,na,37,na,na,na,na,na,na,na,na,na,na,na,na,10.15,-0.666,20.6,25.31,30.46,28.22,5.53,1.43,13.42,16.13,19.98,21.35
CMR,3,2003,15730,4.197,na,38,na,na,na,na,na,na,na,na,na,na,na,na,13.48,0.19,19.26,23.34,26.91,28.79,2.95,1.49,14.34,17,19.91,23
CMR,3,2004,42471.3,4.628,na,27,na,na,na,na,na,na,na,na,na,na,na,na,10.96,-0.457,20.02,26.25,26.76,25.61,2.51,2.29,14.6,19.1,21.98,22.17
CMR,3,2005,43400,4.637,na,31,na,na,na,na,na,na,na,na,na,na,na,na,19.08,1.63,20.15,27.15,28.56,29.56,4.56,0.5,13.58,17.71,20.39,22.25
CMR,3,2006,50321,4.702,na,24.5,na,na,na,na,na,na,na,na,na,na,na,na,11.56,-0.303,18.4,25.75,28.88,28.92,2.54,0.47,12.9,17.63,20.99,22
CMR,3,2007,45240,4.656,na,42,na,na,0.674,0.018,0.008,3.74,112,0,0.348,0.212,53,3.2,10.02,-0.699,21.17,26.56,27.88,29.45,1.4,0.35,11.59,14.45,17.87,19.48
CMR,3,2008,47229.5,4.674,na,na,42,na,0.574,0.044,0.78,12.33,82,0.048,0.655,2.05,175,12.5,21.62,2.282,17.51,26.35,27.25,27.4,4.31,2.72,11.99,17.8,na,22.8
CMR,3,2009,na,na,na,25.5,159.9,na,1.152,0.075,5.733,9.85,114.3,0.062,0.68,10.55,185,20.5,12.92,0.046,20.85,25.83,26.22,27.07,5.18,0.45,13.48,16.92,21.03,23.42
CMR,3,2010,195379.8,5.291,na,31,32,na,0.65,0.025,1.4,4.4,110,0,1.5,1.5,180,8,11.91,-0.213,20.7,26.98,28.38,29.08,2.09,-0.04,16.22,18.2,23.74,24.3
CMR,3,2011,na,na,na,na,na,na,na,na,na,na,na,na,na,na,na,na,7.6,-1.321,na,na,na,na,na,na,na,na,na,na
CMR,3,2012,164772.7,5.217,na,40,na,na,na,na,na,na,na,na,na,na,na,na,2.13,-2.727,na,na,na,28.78,na,na,na,na,na,na
CMR,3,2013,na,na,na,na,na,na,na,na,na,na,na,na,na,na,na,na,8.26,-1.151,na,na,na,na,na,na,na,na,na,na
CMR,3,2014,526985.2,5.722,na,33,34,na,0.9,0.073,0.005,4.4,na,na,na,na,na,na,11,-0.447,na,na,na,na,na,na,na,na,na,na
CMR,3,2015,344742.1,5.537,6.05,37,27.3,na,1.333,0.14,0.354,4.9,145.2,0.164,0.8,0.849,60,3,11.64,-0.283,na,na,na,27.08,na,na,na,na,na,22
CMR,3,2016,418561.7,5.622,15.79,33,59.7,na,1.039,0.137,0.422,8.07,116.5,na,na,na,na,na,15.15,0.619,18.58,27.07,30.43,29.16,4.25,0.62,13.71,18.2,23.33,23.8
CMR,3,2017,2705109.4,6.432,19.41,36,59.1,22.8,1.109,0.169,0.075,8.51,119.9,0.148,0.42,0.326,85,5.2,12.6,-0.036,20.09,24.74,27.31,26.55,5.37,0.79,14.32,17.47,22.25,22.92
CMR,3,2018,1136676,6.056,23.83,41,93.1,46.6,1.259,0.167,0.268,8.43,114,0.163,0.375,0.328,161,3.9,12.09,-0.167,21.63,27.2,29.53,27.01,5.41,-0.08,10.43,14.86,20.33,21.5
CRR,1,1987,na,na,3.07,134,10,7.833333333,0.1,0.05,na,0.58,27.5,0,0.17,2.16,27.6,1.6,11.91,-0.57,na,na,na,na,na,na,na,na,na,na
CRR,1,1988,na,na,3.87,144,189.3,5,0.15,0.088,0.2,1.63,33.3,0.05,0.325,0.525,80,3.3,13.04,-0.244,na,na,na,na,na,na,na,na,na,na
CRR,1,1989,na,na,2.38,129,5,5,0.25,0.075,0.15,2.5,28.5,0.075,0.25,0.625,15.8,2,13.55,-0.097,15.89,24.97,27.25,26.76,10.26,5.26,9.96,13.74,15.64,17.02
CRR,1,1990,na,na,1,118,na,na,na,na,na,na,na,na,na,na,na,na,14.52,0.182,17.72,23.26,27.07,26.82,8.1,5.04,11.41,15.34,16.03,17.18
CRR,1,1991,na,na,na,na,na,na,na,0.05,na,1,28.5,0.025,0.175,0.163,36,3.8,11.45,-0.702,21.28,25.89,27.83,26.62,8.25,7.43,11.29,12.78,15.05,15.48
CRR,1,1992,44091.7,4.644,1.91,134.5,15,50,0.275,0.05,0.3,2.67,22.2,0.125,0.525,0.35,55.5,2.8,13.99,0.029,19.04,21.62,26.97,25.35,9.21,8.04,9.31,10.28,13.31,15.45
CRR,1,1993,972.2,2.988,2.61,116,na,na,na,na,na,na,18.1,na,na,na,na,na,14.93,0.3,19.14,24.07,28.97,27.57,9.79,7.07,9.88,12.96,13.85,15.39
CRR,1,1994,na,na,na,135,na,na,na,na,na,3,na,na,na,na,na,5.8,13.19,-0.201,17.6,25.79,27.31,25.93,8.68,5.39,11.75,12.64,13.16,13.51
CRR,1,1995,420.7,2.624,2.71,87.6,na,na,na,na,na,4.17,30.7,na,na,na,na,6.6,12.98,-0.262,17.82,24.07,27.71,28.99,8.06,4.5,13.37,14.87,16.34,16.16
CRR,1,1996,na,na,na,94,na,na,na,na,0.376,3.15,33.1,na,na,0.303,na,3.3,10.87,-0.869,18.42,25.74,27.25,27.27,10.15,4.96,12.55,16.04,17.11,17.15
CRR,1,1997,na,na,7.88,99,na,na,na,na,0.087,3.69,na,na,na,0.43,na,3.9,17.81,1.13,16.29,22.06,27.92,26.83,6.38,4.23,12.6,15.24,16.52,16.71
CRR,1,1998,83.5,1.922,4.34,117,na,na,na,na,na,na,na,na,na,na,na,na,13.84,-0.014,21.75,25.12,27.52,27.9,7.45,4.31,12.92,15.85,18.33,18.5
CRR,1,1999,29.8,1.474,na,93,7.8,6.25,0.16,na,0.088,2.43,38,na,0.35,0.295,15.8,3.1,7.3,-1.898,21.46,26.7,28.22,27.27,7.67,6.01,11.71,13.28,14.3,14.87
CRR,1,2000,139.2,2.144,na,85,na,na,na,na,na,na,na,na,na,na,na,na,20.63,1.942,20.42,25.83,27.46,27.22,6.34,4.18,12.28,13.55,17.57,20.36
CRR,1,2001,146.6,2.166,na,na,na,na,na,na,na,na,na,na,na,na,na,na,19.15,1.516,21.76,24.2,27.55,27.91,7.69,5.74,10.39,12.51,15.15,18.89
CRR,1,2002,302.8,2.481,na,100.3,na,na,na,na,na,na,na,na,na,na,na,na,7.17,-1.935,18.59,26.36,28.46,28.19,6.46,2.9,13.89,14.82,14.78,15.52
CRR,1,2003,191.5,2.282,na,129,na,na,na,na,na,na,na,na,na,na,na,na,14.9,0.292,18.87,23.6,27.37,27.14,5.57,4.48,13.2,16.87,17.56,18.19
CRR,1,2004,552.5,2.742,na,125.7,na,na,na,na,na,na,na,na,na,na,na,na,18.24,1.254,21.68,25.95,27.26,25.86,6.63,4.27,12.28,17.15,18.7,19.02
CRR,1,2005,64.1,1.807,na,240,na,na,na,na,na,na,na,na,na,na,na,na,10.82,-0.884,17.82,25.28,27.29,27.78,8.11,4.51,11.34,12.15,12.21,13.65
CRR,1,2006,132.5,2.122,na,145,na,na,na,na,na,na,na,na,na,na,na,na,11.36,-0.728,19.58,24.32,27.62,27.77,6.87,6.36,11.57,12.8,14.48,15.33
CRR,1,2007,13.8,1.14,na,168,na,na,0.202,0.018,0.008,2.02,34,0,0.402,0.008,9,3,12.11,-0.512,20.96,25.77,26.07,28,7.9,5.76,10.55,12.23,12.92,13.85
CRR,1,2008,76266.2,4.882,na,na,4.7,na,na,0.06,0.06,10.34,83.6,na,na,na,na,na,12.89,-0.287,17.85,24.92,26.25,25.96,6.85,4.22,12.1,13.44,14.25,14.54
CRR,1,2009,na,na,na,101,63.5,na,0.318,0.065,0.52,5.54,72.3,0.082,0.3,0.875,72,6.2,10.44,-0.993,19.54,24.84,25.41,26.96,7.06,2.92,13.34,15.84,16.92,19.36
CRR,1,2010,na,na,na,na,na,na,na,na,na,na,na,na,na,na,na,na,12.31,-0.454,21.43,26.5,29.04,28.36,6.24,2.78,13.33,15.53,16.5,17.42
CRR,1,2011,na,na,na,na,na,na,na,na,na,na,na,na,na,na,na,na,12.96,-0.267,na,na,na,na,na,na,na,na,na,na
CRR,1,2012,na,na,na,160,14.4,na,0.347,0.015,na,3.47,48,0.084,0.28,0.35,27,4,11.19,-0.777,na,na,na,27.04,na,na,na,na,na,16.63
CRR,1,2013,60547.5,4.782,na,119,10.4,na,0.749,0.014,0.205,2.95,59,na,na,na,na,na,13.57,-0.092,na,na,na,na,na,na,na,na,na,na
CRR,1,2014,1941.5,3.288,na,152,51.4,na,1.44,0.163,0.275,5.42,na,na,na,na,na,na,13.55,-0.097,na,na,28.5,na,na,na,na,na,14.24,na
CRR,1,2015,176731.4,5.247,2.26,96,8.1,na,0.3,0.115,0.076,3.03,33.4,na,na,na,na,na,21.21,2.109,na,na,na,28.1,na,na,na,na,na,20.47
CRR,1,2016,92429.9,4.966,2.41,124,27.8,na,0.389,0.137,0.101,4.18,48.8,na,na,na,na,na,14.51,0.179,19.86,26.24,28.59,29.04,7.33,2.84,13.53,15.27,16.11,17.83
CRR,1,2017,155995.7,5.193,8.24,60,3.5,2,0.319,0.077,0.078,4.12,39.7,0.071,0.2,0.183,2,2.9,17.46,1.029,20.85,25.32,27.76,28.38,6.66,3.03,13.84,16.67,19.66,21.89
CRR,1,2018,498213.5,5.697,6.31,121,58.1,42.3,0.189,0.093,0.147,4.15,47,na,na,na,na,na,20.56,1.922,24.81,27.55,28.9,27.73,6.87,4.06,12.6,14.38,17.49,18.92
EFR,2,1987,na,na,10.87,39,26.2,5,0.486,0.129,0.494,4.86,104.7,0,0.4,0.775,202,7.5,10.8,-0.627,na,na,na,na,na,na,na,na,na,na
EFR,2,1988,na,na,24.47,62,110.8,420,0.45,0.091,0.283,4.56,128,0.4,0.7,2.5,na,7,8.99,-1.082,na,na,na,na,na,na,10.91,na,na,na
EFR,2,1989,na,na,8.38,46,67.6,15,0.511,0.111,0.406,5.67,95.5,0.3,0.7,1.7,417,6,10.41,-0.725,15.38,24.14,26.86,26.02,4.24,2.23,11.09,13.91,14.21,14.31
EFR,2,1990,na,na,5.67,25.2,103.5,78,0.521,0.11,0.661,6.12,66.4,0.033,0.367,1.967,249.7,5.7,12.65,-0.163,16.59,23.06,26.86,26.54,5.53,1.72,12.16,16.44,16.97,17.18
EFR,2,1991,na,na,na,na,52.9,13.5,0.378,0.075,0.725,6.04,9.7,0,0.283,0.05,239,6.3,15.12,0.458,22.24,26.75,27.19,26.5,4.44,1.79,11.76,13.15,14.75,15.13
EFR,2,1992,3916.9,3.593,11.07,37.7,60,35,na,0.1,na,7.25,34.4,0.3,na,2.483,184,6,12.3,-0.251,17.97,23.38,25.98,26.05,5.54,2.92,7.89,8.7,9.87,14.48
EFR,2,1993,13888.9,4.143,10.26,41,na,na,na,0.058,na,7.67,31.7,0,na,na,na,6.7,10.84,-0.617,18.65,24.67,28.47,26.54,6.08,2.35,12.47,12.85,11.92,10.62
EFR,2,1994,na,na,6.01,59,na,na,na,na,na,9.6,na,na,na,na,na,7.5,12.28,-0.256,17.78,24.75,28.03,25.65,3.76,0.54,12.2,12.89,13.84,13.91
EFR,2,1995,4962.2,3.696,7.78,35.6,na,na,na,na,na,9.46,87.5,na,na,na,na,11.5,12.46,-0.21,18.75,25.09,27.23,29.52,4.15,0.62,12.54,18.47,18.62,18.68
EFR,2,1996,na,na,na,37.3,na,na,na,na,na,6.89,85.1,na,na,0.486,na,8.2,10.2,-0.778,18.36,24.3,26.12,27.55,4.88,1.53,13.93,18.36,18.82,18.4
EFR,2,1997,na,na,16.37,42.3,14.9,17.2,0.032,na,0.764,7.51,na,na,na,0.521,na,7.2,18.26,1.247,15.39,22.89,28.81,26.77,3.86,3.1,10.62,16.18,19.95,20.18
EFR,2,1998,12206.4,4.087,28.57,45,na,na,1.395,na,na,6.45,76.7,na,1.033,na,na,5.3,18,1.181,21.7,23.48,27.64,27.49,3.61,2.46,13.11,17.22,20.62,20.93
EFR,2,1999,4442.3,3.648,na,54.3,26.8,7.142857143,0.429,na,0.025,5.88,87.1,na,0.8,2.5,330,7.6,6.85,-1.62,20.69,26.12,28.81,27.32,4.49,3.02,8.19,9.4,9.63,9.97
EFR,2,2000,11731.9,4.069,na,33.5,na,na,na,na,na,na,na,na,na,na,na,na,15.45,0.541,19.73,25.28,26.6,26.75,2.61,1.79,10.45,11.57,13.11,13.33
EFR,2,2001,7777,3.891,na,36.3,na,na,na,na,na,na,na,na,na,na,na,na,22.18,2.231,20.42,24.48,27.17,28.26,3.89,1.31,8.48,11.94,14.97,21.69
EFR,2,2002,na,na,na,34.5,na,na,na,na,na,na,na,na,na,na,na,na,7.49,-1.459,18.86,26.8,28.44,28.15,3.88,1.11,14.56,16.65,16.8,17.04
EFR,2,2003,16434.3,4.216,34.08,40.7,111.2,40.775,0.785,na,0.437,7.52,82.4,na,0.553,0.409,214.5,5.9,15.33,0.511,19.46,23.27,27.42,27.52,4.41,1.09,13.78,18.36,18.83,19.64
EFR,2,2004,16380,4.214,na,43.8,na,na,na,na,na,na,96.2,na,na,na,na,na,13.82,0.131,21.29,24.77,25.81,25.59,3.18,0.53,11.99,15.7,15.98,20.83
EFR,2,2005,30861.6,4.489,na,53.8,na,na,na,na,na,na,na,na,na,na,na,na,12.92,-0.095,18.27,26.02,29.15,28.7,3.43,1.58,8.89,10.37,11.06,11.39
EFR,2,2006,18324.4,4.263,na,38.7,na,na,na,na,na,na,na,na,na,na,na,na,11.06,-0.562,21.34,25.85,29.87,30.47,4.57,2.4,12.05,13.05,13.97,13.99
EFR,2,2007,2260.9,3.354,na,52,na,na,0.637,0.018,0.01,5.81,92,0,0.826,0.407,163,7.1,7.49,-1.459,22.65,24.98,26.49,27.77,3.84,1.26,7.91,8.77,9.84,10.18
EFR,2,2008,59671.3,4.776,na,na,102,na,na,0.04,0.084,6.73,105.3,0.105,na,0.25,470,8.3,10.6,-0.678,18.86,25.66,26.88,26.08,4,1.5,11.91,16.08,16.73,16.91
EFR,2,2009,505107.5,5.703,na,34.5,300,na,1.137,0.126,0.245,14,92,0.028,1.027,1.673,646.7,13.4,17.61,1.083,21.56,24.98,25.54,27.84,3.47,0.92,10.71,13.38,14.22,22.19
EFR,2,2010,536722.5,5.73,na,44.8,96.2,na,1.674,0.057,0.193,6.41,89.3,0,0.936,1.231,236.8,6.8,13.19,-0.027,20.78,26.47,28.81,29.14,3.35,0.45,14.4,18.02,20.27,20.27
EFR,2,2011,483738.4,5.685,na,45,na,na,na,na,na,na,na,na,na,0.57,na,na,13.87,0.144,na,na,na,na,na,na,na,na,na,na
EFR,2,2012,1316.4,3.119,12.15,59.7,105.3,na,0.983,0.069,0.178,6.1,85,0,0.56,1.025,325,4.1,8.38,-1.235,22.81,26,28.06,27.33,2.23,-0.08,15.14,16.24,16.48,16.38
EFR,2,2013,638834.3,5.805,na,33.3,81.4,na,1.19,0.041,0.216,8.42,91.8,0.033,0.2,1.05,245,5.6,15.36,0.518,na,na,27.52,26.98,na,na,na,na,na,16.5
EFR,2,2014,564399.6,5.752,na,38.3,58.8,na,2.177,0.167,0.053,7.64,103.3,0.13,2.4,0.189,390.5,10.8,11.16,-0.537,na,na,26.55,25.59,na,na,na,na,15.59,15.42
EFR,2,2015,1088526.6,6.037,3.58,25,72.1,na,2.207,0.167,0.047,8.14,95,0.142,1.9,0.58,161.5,6.2,23.2,2.487,na,26.42,28.62,26.87,na,0.18,na,11.26,22.31,22.62
EFR,2,2016,748579.7,5.874,8.69,47,82.4,na,0.878,0.11,0.044,9.09,103.8,0.048,0.766,0.542,215,8.9,16.63,0.837,19.34,25.81,27.2,28.84,3.56,1.24,11.89,13.08,13.99,15.04
EFR,2,2017,12803359,7.107,5.46,22,165.7,175.5,1.667,0.115,0.118,11.98,90.5,0.087,0.665,0.901,263,7.9,12.99,-0.077,20.55,25.94,26.56,25.81,2.48,0.09,15.31,16.56,21.8,20.92
EFR,2,2018,4147082.8,6.618,17.79,28,140.2,28.95,1.277,0.218,0.276,11.04,85.7,0.139,1.251,1.36,452.5,12.4,17.63,1.088,21.72,27.09,28.58,26.9,3.83,1.41,11.12,12.76,14.84,17.17
GRR,2,1987,na,na,3,na,5,5,0.1,0.05,0.3,1,47.5,0,0.175,0.05,8.5,2,19.83,1.491,na,na,na,na,na,na,na,na,na,na
GRR,2,1988,na,na,2.4,120,50,na,0.4,0.05,0.45,1.25,45,0,0.267,0.067,103.3,1.7,13.06,-0.183,na,na,na,na,na,na,na,na,na,na
GRR,2,1989,na,na,11.88,72,7.3,5,0.2,na,na,na,47,0.1,0.25,0.9,21.5,2,12.43,-0.339,18.29,24.9,26.29,26.38,8.89,2.84,9.3,11.68,14.36,15.2
GRR,2,1990,na,na,1.25,120,7.2,5,0.15,0.05,na,2.5,59.6,0,0.1,0.1,42,1,13.46,-0.084,16.21,23.85,26.42,26.87,6.66,3.36,12.07,14.97,15.59,15.72
GRR,2,1991,na,na,na,168,na,na,na,na,na,2,52.3,0,na,na,na,4,10.76,-0.752,21.02,25.8,27.37,26.56,5.73,3.68,12.23,12.8,13.4,13.71
GRR,2,1992,20524.7,4.312,10.69,108,44.3,52,0.95,0.064,0.2,4.11,34.4,0.05,0.9,0.7,276,3.7,16.01,0.546,na,22.2,25.18,24.28,na,5.1,na,12.04,15.27,15.65
GRR,2,1993,6600,3.82,4.22,90,na,na,na,na,na,na,62.2,na,na,na,na,na,10.62,-0.786,19.49,24.84,29.44,28.26,7.63,6.08,10.4,10.83,11.67,12.79
GRR,2,1994,na,na,6.32,73.3,na,na,na,na,na,4.25,na,na,na,na,na,6.5,17.7,0.964,17.86,26.42,27.96,26.72,6.68,2.72,10.77,12.94,13.44,14.38
GRR,2,1995,2733.3,3.437,4.35,85,na,na,na,na,na,6.08,34,na,na,na,na,4.7,8.59,-1.288,19.48,26.43,28.94,30,6.06,1.28,12.13,16.23,17.08,17.34
GRR,2,1996,na,na,na,79.3,na,na,na,na,na,3.91,47,na,na,0.441,na,3.2,15.2,0.346,19.84,26.51,27.41,27.39,4.95,2.73,12.51,14.67,16.36,18.37
GRR,2,1997,na,na,7.31,59.3,na,na,na,na,0.005,5.47,na,na,na,0.005,na,4,18.8,1.236,17.11,22.34,29.37,26.94,5.45,2.88,12.6,14.67,16.17,16.13
GRR,2,1998,2063.9,3.315,10.84,73,na,na,na,na,na,na,na,na,na,na,na,na,16.3,0.618,23.49,26.11,28.92,27.92,5.53,2.93,14.43,16.27,18.12,17.92
GRR,2,1999,2475.2,3.394,na,90,9.2,5.833333333,0.35,na,0.29,3.13,37.5,na,0.3,0.14,16.7,2.4,5.96,-1.939,21.64,25.98,28.83,27.99,6.95,3.81,12.09,12.63,13.36,13.87
GRR,2,2000,2563.1,3.409,na,78,na,na,na,na,na,na,na,na,na,na,na,na,12.66,-0.282,21.03,25.95,27.42,27.16,4.83,2.03,13.26,13.89,14.38,15.27
GRR,2,2001,7629.7,3.883,na,74,na,na,na,na,na,na,na,na,na,na,na,na,11.37,-0.601,22.23,25.1,27.59,28.85,4.81,3.01,10.42,11.57,12.41,13.28
GRR,2,2002,na,na,na,62.7,na,na,na,na,na,na,na,na,na,na,na,na,7.45,-1.57,19.77,26.98,29.22,28.57,5.09,2.45,12.97,14.02,14.5,14.83
GRR,2,2003,35664.3,4.552,na,39.3,na,na,na,na,na,na,na,na,na,na,na,na,15.84,0.504,19.75,24.21,27.67,28.39,4.34,1.56,11.75,14.05,15.05,15.44
GRR,2,2004,59756.5,4.776,na,38.3,na,na,na,na,na,na,na,na,na,na,na,na,13.95,0.037,22.59,26.17,27.74,26.54,4.24,1.96,11.74,14.27,14.9,15.63
GRR,2,2005,11043.8,4.043,na,81,na,na,na,na,na,na,na,na,na,na,na,na,13.43,-0.092,20.69,26.53,28.19,28.91,4.98,4.31,10.93,11.65,13.07,13.02
GRR,2,2006,1387.5,3.142,na,78.7,30,na,0.559,na,0.113,3.56,44.1,na,0.587,0.537,83.3,4,16.77,0.734,20.43,25.53,28.01,28.47,5,2.19,11.84,13.33,14.36,14.97
GRR,2,2007,3967.8,3.599,na,135,na,na,0.316,0.018,0.008,2.52,54,0,0.347,0.008,9,2.7,9.04,-1.177,22.24,27.02,27.3,29.76,4.61,2.27,10.99,11.98,12.76,13.44
GRR,2,2008,29452.5,4.469,na,89,42.4,na,na,0.023,0.038,8.17,78.5,na,na,na,na,na,9.93,-0.957,18.81,25.72,27.59,27.7,5.96,2.48,12.41,13.01,13.66,14.37
GRR,2,2009,na,na,na,63,51.1,na,0.784,0.039,0.858,6.5,73.5,0.061,0.66,2.88,165,7.3,19.7,1.458,20.5,26.95,26.46,27.79,5.6,1.43,13.27,15.03,16.77,17.6
GRR,2,2010,86698.2,4.938,na,73,na,na,na,na,na,na,na,na,na,na,na,na,13.08,-0.178,20.96,28.41,29.49,29.89,5.48,0.94,13.94,14.63,16.07,15.79
GRR,2,2011,37539.9,4.574,na,122,13.8,na,0.463,0.011,0.148,4.35,52,0,0.14,0.42,23,4,7.82,-1.479,na,na,29.3,na,na,na,na,na,15.3,na
GRR,2,2012,27643.2,4.442,na,50,8.7,na,1.06,0.045,na,3.31,59.5,na,na,na,na,na,9.64,-1.029,na,na,na,na,na,na,na,na,na,na
GRR,2,2013,451559,5.655,na,na,11.2,na,0.29,0.011,0.16,2.86,54,0,0.58,0.23,20,4.9,20.03,1.54,na,na,na,na,na,na,na,na,na,na
GRR,2,2014,260796.2,5.416,na,70,8.1,na,0.9,0.059,0.011,3.5,na,0.065,0.9,0.022,28.7,2.7,13.33,-0.116,na,na,25.99,na,na,na,na,na,na,na
GRR,2,2015,108254.6,5.034,7.98,64,49,na,0.72,0.24,0.008,4.22,66.9,0.174,0.8,0.413,70,3.9,20.17,1.575,na,27.44,na,27.16,na,na,na,na,na,16.16
GRR,2,2016,364758.6,5.562,4.79,86,74.3,na,0.505,0.14,0.033,5.13,65.4,0.213,0.919,0.456,104,6,19.98,1.528,21.23,28.31,29.38,29.8,4.12,1.31,13.47,14.65,16.04,17.46
GRR,2,2017,1024964.8,6.011,12.52,48,4.6,2,0.521,0.071,0.01,5.23,61.2,0.072,0.26,1.02,17,3.6,13.39,-0.102,21.55,25.97,29.68,27.83,3.46,0.81,13.87,15.77,16.39,17.09
GRR,2,2018,1205822.3,6.081,14.21,53,78,60.7,0.497,0.137,0.006,4.67,61.2,0.134,0.271,0.184,35,2.7,15.33,0.378,23.35,28.17,29.26,28.13,5.93,2.59,12.05,13.2,15.34,15.96
HTR,3,1987,na,na,25.8,na,164,157.5,1.3,0.2,7.2,7,150.5,0.1,0.75,2,348,9,13.06,-0.075,na,na,na,na,na,na,na,na,na,na
HTR,3,1988,na,na,46,24,65,13.5,0.95,0.05,0.6,4.5,177.5,0.167,0.6,0.333,223.3,3.7,6.94,-1.423,na,na,na,na,na,na,na,na,na,na
HTR,3,1989,na,na,na,na,na,na,na,na,na,na,na,0.2,0.65,2.55,168,5.5,12.29,-0.245,15.62,22.02,25.83,24.33,na,na,na,na,na,na
HTR,3,1990,na,na,10.75,7,na,na,na,na,na,na,na,na,na,na,na,na,13.53,0.028,16.93,20.18,24.86,25.16,na,na,na,na,na,na
HTR,3,1991,na,na,na,16,39,11,1.133,0.417,8.167,5.67,180.5,0.05,0.5,1.3,91.5,6,7.29,-1.346,19.37,23.76,26.96,25.1,na,na,na,na,na,na
HTR,3,1992,3303.4,3.519,8.02,24,5,5,1.2,0.05,3.85,5.5,95,0.05,na,0.05,400,6,11.4,-0.441,17.35,22.96,24.01,25.13,na,na,na,na,na,na
HTR,3,1993,29900,4.476,10.02,10,na,na,na,0.25,na,6,144.5,0.067,na,na,na,9.5,15.38,0.436,17.5,20.75,na,28.51,na,na,na,na,na,na
HTR,3,1994,na,na,6.17,18,na,na,na,na,na,18,na,na,na,na,na,16.5,12.54,-0.19,na,na,na,na,na,na,na,na,na,na
HTR,3,1995,2119.4,3.326,na,18,na,na,na,na,na,13.85,118,na,na,0.412,na,15.5,8.05,-1.179,15.36,22.92,24.69,28.09,na,na,na,na,na,na
HTR,3,1996,na,na,na,9,na,na,na,na,na,7.12,103,na,na,8.72,na,6.9,14.12,0.158,13.83,23.36,24.96,24.76,na,na,na,na,na,na
HTR,3,1997,na,na,44.43,15,na,na,na,na,2.445,10.7,na,na,na,1.13,na,12.1,15.51,0.464,13.95,24.37,24.97,23.26,na,na,na,na,na,na
HTR,3,1998,3243.7,3.511,60,24,na,na,na,na,na,na,na,na,na,na,na,na,19.1,1.255,22.5,25.88,27.84,24.84,na,na,na,na,na,na
HTR,3,1999,3942.7,3.596,na,20,80,35,na,na,na,6.8,140,na,1.7,0.4,200,6.6,8.19,-1.148,18.75,23.29,27.04,26.8,na,na,na,na,na,na
HTR,3,2000,6094.8,3.785,na,24,na,na,na,na,na,na,na,na,na,na,na,na,17.64,0.933,18.26,na,26.16,25.46,na,na,na,na,na,na
HTR,3,2001,4604.4,3.663,na,25,na,na,na,na,na,na,na,na,na,na,na,na,15.81,0.53,19.95,22.19,26.94,27.37,na,na,na,na,na,na
HTR,3,2002,na,na,na,na,na,na,na,na,na,na,na,na,na,na,na,na,7.85,-1.223,15.55,24.94,27.67,27.9,na,na,na,na,na,na
HTR,3,2003,4341.1,3.638,na,30,na,na,na,na,na,na,na,na,na,na,na,na,22.16,1.929,14.91,21.18,25.12,na,na,na,na,na,na,na
HTR,3,2004,4484.8,3.652,na,17,na,na,na,na,na,na,na,na,na,na,na,na,20.54,1.572,19.7,25.26,25.43,22.95,na,na,na,na,na,na
HTR,3,2005,8238.4,3.916,na,15,na,na,na,na,na,na,na,na,na,na,na,na,9.54,-0.851,18.88,24.37,27.86,27.79,na,na,na,na,na,na
HTR,3,2006,1878.7,3.274,na,23,346,na,2.16,na,0.782,na,150,na,1.7,0.76,470,na,11.69,-0.377,18.08,23.47,27.3,26.66,na,na,na,na,na,na
HTR,3,2007,8392.3,3.924,na,20,na,na,1.684,0.092,0.008,7.08,167,0,0.583,3.898,9,7.3,13.65,0.055,19.45,26.87,27.07,27.44,na,na,na,na,na,na
HTR,3,2008,30293.2,4.481,na,24,206.7,na,1.009,0.404,0.523,18.29,184.3,0.099,1.05,2.65,170,20.5,11.8,-0.353,16.47,23.3,26.46,25.48,na,na,na,na,na,na
HTR,3,2009,na,na,na,12.5,557.1,na,2.244,0.612,12.556,18.46,144,0.675,1.57,3.45,705,22,9.32,-0.899,18.7,25.58,24.93,23.83,na,na,na,na,na,na
HTR,3,2010,na,na,na,na,na,na,na,na,na,na,na,na,na,na,na,na,15.78,0.524,19.55,22.95,28.41,26.45,na,na,na,na,na,na
HTR,3,2011,na,na,na,na,na,na,na,na,na,na,na,na,na,na,na,na,6.68,-1.481,na,na,na,na,na,na,na,na,na,na
HTR,3,2012,152738.4,5.184,61.25,15,190,na,2.36,0.078,9.68,5.6,122.5,0,1.4,12,140,4,9.48,-0.864,na,24.25,na,na,na,na,na,na,na,na
HTR,3,2013,91747.4,4.963,na,23,106.5,na,1.267,0.028,0.239,7.18,176.7,na,na,na,na,na,12.22,-0.26,na,na,na,na,na,na,na,na,na,na
HTR,3,2014,529262.6,5.724,na,16,121,na,2.5,0.183,1.93,7.45,na,na,na,na,na,na,12.18,-0.269,na,na,na,na,na,na,na,na,na,na
HTR,3,2015,104429.5,5.019,15.81,14,169.8,na,3.217,0.572,0.442,7.2,181,0.144,4.4,0.01,259,7.4,23.82,2.295,na,na,na,24.96,na,na,na,na,na,na
HTR,3,2016,483904.8,5.685,25.99,20,215,na,1.274,0.123,2.027,11.94,143.3,0.026,0.948,1.39,471,10.4,18.87,1.204,16.72,24.07,24.82,26.51,na,na,na,na,na,na
HTR,3,2017,2200424,6.343,29.49,24,97,166,2.588,0.166,2.872,14.38,167,0.084,1.11,3.73,70,9.2,13.6,0.044,na,24.54,26,24.04,na,na,na,na,na,na
HTR,3,2018,1413638.8,6.15,18.56,20,398.4,257,1.387,0.25,2.367,10.87,109.8,0.19,1.82,3.68,518,13.3,18.84,1.198,23.05,22.94,26.81,24.68,na,na,na,na,na,na
MNR,1,1987,na,na,14.3,78,11,8.5,0.15,0.05,0.1,1.5,37,0,0.271,0.3,35.6,3.3,10.63,-0.489,na,na,na,na,na,na,na,na,na,na
MNR,1,1988,na,na,20.6,75,35.6,282.5,0.39,0.05,0.271,2.2,28.6,0.1,0.533,0.083,40.3,3.3,7.96,-1.108,na,na,na,na,na,na,na,na,na,na
MNR,1,1989,na,na,5.5,72,21.3,12,0.2,0.05,0.16,2.2,28.9,0.133,0.271,0.433,37.9,3.7,16.17,0.795,16.48,24.28,26.76,25.67,7.95,3.39,11.59,14.71,16.68,18
MNR,1,1990,na,na,6.58,58.7,117.5,5,0.394,0.062,0.113,3.76,24.2,0.25,0.25,0.15,62.5,4.5,10.77,-0.457,15.99,22.19,25.84,25.25,7.45,3.86,12.01,15.34,17.64,18.78
MNR,1,1991,na,na,na,na,21.7,6.75,0.427,0.17,0.3,4.2,34.5,0.15,0.75,0.125,5,5,6.29,-1.496,21.9,26.55,27.68,25.08,8.07,2.47,13.25,15.73,17.11,18.22
MNR,1,1992,31378.6,4.497,4.38,117,126.8,42.75,0.633,0.28,na,5,28.9,0.133,0.367,0.9,42.3,5,19.07,1.467,18.6,24.22,25.8,25.67,8.49,2.68,13.06,15.47,19.21,21.66
MNR,1,1993,38864.6,4.59,3.37,67.3,na,na,na,0.13,na,4.2,25.4,0.333,na,na,na,4.5,10.71,-0.471,18.43,23.95,29.51,26.99,8.67,3.3,12.47,15.32,18.46,20.17
MNR,1,1994,na,na,10.76,72.4,na,na,na,na,na,6.02,na,na,na,na,na,8,8.96,-0.877,17.94,26.34,27.69,26.2,4.27,0.89,14.38,15.82,17.65,19.06
MNR,1,1995,22185.3,4.346,3.32,53.7,na,na,na,na,na,5.66,25.4,na,na,0.045,na,7.4,12.29,-0.105,18.43,24.94,26.89,30.34,5.44,1.47,14.39,16.3,17.8,18.82
MNR,1,1996,na,na,na,69.3,na,na,na,na,na,5.26,29.2,na,na,0.045,na,6.6,9.05,-0.856,17.56,22.92,26.29,27.83,6.48,2.81,13.83,14.99,16.34,17.51
MNR,1,1997,na,na,5.36,79.5,20.4,na,na,na,0.092,4.73,na,na,na,0.553,na,4,22.28,2.211,16.44,21.94,28.3,26.09,7.85,3.76,14.54,16.61,17.72,19.08
MNR,1,1998,2707.2,3.433,11.57,81,na,na,0.515,na,na,4.51,35.7,na,0.567,na,na,3.2,17.66,1.14,20.73,24.06,27.68,27.82,4.96,1.67,14.07,16.35,18.03,19.3
MNR,1,1999,2684,3.429,na,69,24,5,0.138,na,0.041,4.2,27,na,0.25,0.387,33.3,4.5,8.65,-0.948,19.83,25.73,28.29,27.04,4.98,1.57,14.57,17.06,18.12,20.03
MNR,1,2000,757.8,2.88,na,101.5,na,na,na,na,na,na,na,na,na,na,na,na,18.38,1.307,19.32,24.74,28,27.42,5.31,2.08,13.53,17.57,20.18,21.12
MNR,1,2001,945.9,2.976,na,87.3,na,na,na,na,na,na,na,na,na,na,na,na,15.72,0.691,20.43,23.69,27.57,28.48,3.68,1.21,13.98,16.33,18.08,19.64
MNR,1,2002,na,na,na,62.7,na,na,na,na,na,na,na,na,na,na,na,na,6.56,-1.433,17.17,25.64,29.05,28.06,7.73,2.55,14.19,15.65,16.07,17.8
MNR,1,2003,2501,3.398,na,115,na,na,na,na,na,na,na,na,na,na,na,na,16.58,0.89,18.01,22.74,27.03,27.97,5.77,2.63,14.28,16.95,19.59,20.86
MNR,1,2004,839.4,2.924,na,114.3,na,na,na,na,na,na,na,na,na,na,na,na,15.26,0.584,20.47,25.51,27.04,25.76,6.16,1.88,14.74,17.98,19.71,20.79
MNR,1,2005,20303.4,4.308,na,39,na,na,na,na,na,na,na,na,na,na,na,na,17.21,1.036,18.45,25.64,28.36,28.55,4.56,1.2,12.94,16.36,18,19.63
MNR,1,2006,5245.7,3.72,na,77.7,na,na,na,na,na,na,na,na,na,na,na,na,12.57,-0.04,18.13,25.78,28.57,28.27,4.36,1.34,13.19,15.76,17.98,19.32
MNR,1,2007,2843.5,3.454,na,84,na,na,0.379,0.018,0.008,2.96,33,0.26,0.696,0.038,17,4.7,8.56,-0.969,21.06,25.11,27.01,28.54,4.23,1.35,12.16,15.08,17.21,19.52
MNR,1,2008,3073.9,3.488,na,73,24,na,0.482,0.01,0.032,5.9,39.7,0,0.547,1.306,75.7,7.7,12.31,-0.1,16.93,na,27.04,27.33,7.39,na,13.16,na,16.73,18.16
MNR,1,2009,na,na,na,135.5,58.2,na,0.665,0.064,0.342,6.97,39.8,0.069,0.517,1.833,103.7,8.1,14.85,0.489,20.04,26.94,26.11,27.21,7.25,1.67,14.29,17.1,18.59,20.66
MNR,1,2010,657995.7,5.818,na,66,18,na,0.45,0.025,0.039,3.9,38,0,0.387,0.079,41.7,4.1,10.39,-0.545,19.82,27.2,29.06,29.55,4.79,1.68,14.93,17.52,19.99,20.77
MNR,1,2011,na,na,na,na,na,na,na,na,na,na,na,na,na,na,na,na,8.07,-1.083,na,na,na,na,na,na,na,na,na,na
MNR,1,2012,na,na,na,72,na,na,na,na,na,na,na,na,na,na,na,na,8.13,-1.069,na,na,na,25.69,na,na,na,na,na,21
MNR,1,2013,8628.3,3.936,na,126,20,na,0.725,0.011,0.117,5.01,40.5,0.081,0.895,0.44,36,6,9.27,-0.805,na,na,na,26.39,na,na,na,na,na,19.59
MNR,1,2014,324212.1,5.511,na,55,38.7,na,1.614,0.135,0.012,5.03,47.5,na,na,na,na,na,10.74,-0.464,na,na,na,29.28,na,na,na,na,na,18.62
MNR,1,2015,49067.8,4.691,3.62,87,30.3,na,1,0.168,0.148,7.36,32,0.177,1.6,0.172,58,12,14.52,0.412,na,na,26.56,27.13,na,na,na,na,19.29,21.32
MNR,1,2016,377326.8,5.577,2.83,65,63.1,na,0.621,0.105,0.255,9.17,33.7,0.095,0.968,0.442,101.7,10.3,21.44,2.017,19.04,26.75,26.82,28.64,5.12,1.61,13.38,15.91,17.44,20.48
MNR,1,2017,295307,5.47,8.11,84,25.9,9.1,0.632,0.086,0.003,6.42,42.6,0.137,0.357,0.304,44.3,3.8,14.26,0.352,18.51,25.33,27.71,26.95,6.05,0.96,14.82,16.63,20.34,20.58
MNR,1,2018,225231.6,5.353,12.24,102,47.1,26,0.631,0.129,0.003,7.01,40.1,0.156,0.77,0.222,59.3,5.2,12.41,-0.077,20.07,26.6,30.23,27.14,5.46,0.55,11.87,14.71,18.41,18.58
MSR,3,1987,na,na,20.75,54,9,9,0.325,0.05,3.625,3.5,146.8,0.1,0.45,2.1,256,7.5,19.06,1.048,na,na,na,na,na,na,na,na,na,na
MSR,3,1988,1209,3.082,11.31,60,85,14.4,0.567,0.075,3.75,3.5,148.2,0.1,0.8,1.8,145,4.5,7.16,-1.316,na,na,na,na,na,na,na,na,na,na
MSR,3,1989,na,na,6,18.5,69.4,32.6,0.56,0.15,3.3,3.8,134.2,0.3,0.55,4.55,77,4,12.83,-0.19,14.92,22.28,25.35,24.65,10.5,3.11,12.81,18.2,21.01,22.63
MSR,3,1990,na,na,10.5,na,na,na,na,na,na,na,na,na,na,na,na,na,17.92,0.821,14.13,20.15,24.07,23.88,8.25,5.59,12.79,18.17,20.46,21.23
MSR,3,1991,na,na,na,42,na,na,na,0.063,na,4.2,153.8,0,0.5,0.8,97.5,5,11.38,-0.478,18.74,25.35,27.1,23.6,7.43,0.69,13.38,17,18.53,19.22
MSR,3,1992,6024.6,3.78,7.93,36,5,5,1.55,0.05,4.55,7,88.1,0.05,1.3,2.85,92.5,6.5,13.25,-0.106,15.93,18.37,23.2,22.62,6.72,4.71,12.72,16.2,20.83,21.13
MSR,3,1993,11316.9,4.054,8.77,26.3,na,na,na,0.143,na,5.86,82.3,0.033,na,na,na,6.7,15.84,0.408,16.56,19.83,25.93,25.5,7.25,3.89,13.21,17.29,22.32,23.63
MSR,3,1994,na,na,8.93,38,na,na,na,na,na,11.67,na,na,na,na,na,13.5,16.2,0.48,16.96,24.69,25.34,na,6.4,2.13,13.52,16.14,18.46,na
MSR,3,1995,2733.3,3.437,15.89,48.3,na,na,na,na,na,9.83,120.4,na,na,3.77,na,12.3,9.87,-0.778,15.31,23.23,26.07,28.44,7.79,2.02,13.52,17.45,20.94,22.8
MSR,3,1996,na,na,na,42.7,na,na,na,na,na,7.37,125,na,na,4.26,na,5.8,11.88,-0.378,13.89,22.64,25.34,26.1,7.12,4.53,12.93,17.17,19.7,21.94
MSR,3,1997,na,na,9.83,55.3,na,na,na,na,2.325,8.52,na,na,na,0.599,na,12.3,12.74,-0.208,13.32,20.27,26.32,25.49,8.76,3.86,12.29,15.97,20.18,21.53
MSR,3,1998,1807.9,3.257,18.67,43,na,na,0.567,na,na,5.7,110,na,0.8,na,na,7.3,30.62,3.344,21.38,22.75,27.18,26.09,7.68,1.55,14.51,19.18,22.72,22.73
MSR,3,1999,2092.9,3.321,na,46.7,20,10.83333333,0.7,na,3.2,5.32,120,na,1.1,1.1,155,4.8,6.03,-1.54,18.26,23.43,27.41,25.96,5.27,1.85,13.56,18.54,20.03,21.02
MSR,3,2000,4365,3.64,na,32.3,na,na,na,na,na,na,na,na,na,na,na,na,11.94,-0.366,18.67,21.99,24.91,25.3,5.77,2.88,15.06,19.85,23.41,23.95
MSR,3,2001,2345.6,3.37,na,30.5,na,na,na,na,na,na,na,na,na,na,na,na,9.97,-0.758,17.71,24.45,28.09,27.05,5.32,3.57,13.21,15.84,21.23,22.4
MSR,3,2002,1113.2,3.047,na,32,na,na,na,na,na,na,na,na,na,na,na,na,5.52,-1.642,12.05,23.35,27.53,26.74,6.69,2.36,11.71,19.26,22.61,23.82
MSR,3,2003,362.5,2.559,na,54,na,na,na,na,na,na,na,na,na,na,na,na,18.69,0.974,17.23,22.31,25.6,25.51,8.82,4.55,15.75,19.5,22.27,22.97
MSR,3,2004,10180.8,4.008,na,26,na,na,na,na,na,na,na,na,na,na,na,na,15.82,0.404,18.91,22.75,25.11,24.27,3.73,3.37,16.18,21.94,23.23,23.07
MSR,3,2005,7298.2,3.863,na,60,na,na,na,na,na,na,na,na,na,na,na,na,10.13,-0.726,14.9,25.87,27.97,28.65,6.46,0.82,11.5,15.08,18.34,18.94
MSR,3,2006,14670.9,4.166,na,39,134.3,na,1.093,na,1.73,5.4,135.7,na,0.83,1.6,300,4.2,12.43,-0.269,17.05,24.45,26.28,26.04,6.92,1.45,14.57,18.48,22.75,23.73
MSR,3,2007,21055.5,4.323,na,42,na,na,na,na,na,na,na,0,0.305,2.126,78,3.8,14.98,0.237,20.12,23.89,25.86,27.08,3.7,0.93,14.03,16.35,18.45,20.59
MSR,3,2008,43463,4.638,na,37,56.3,na,0.904,0.058,2.598,17.2,152.5,0.014,1.285,0.175,560,18.5,10.54,-0.645,15.7,21.3,25.46,25.76,5.49,2.33,13.94,19.41,22.9,23.92
MSR,3,2009,na,na,na,38.5,118.6,na,0.969,0.118,10.3,16.9,160,0.068,0.728,5.125,275,16,10.7,-0.613,18.22,24.01,24.33,25,6.42,1.55,15.5,18.6,20.56,22.03
MSR,3,2010,38449.8,4.585,na,14.5,94.6,na,2.004,0.025,1.657,5.68,116.2,0.085,1.1,2.8,140,4,17.07,0.652,17.81,26.32,28.42,27.7,5.05,3.17,15.86,20.79,23.93,25.14
MSR,3,2011,na,na,na,na,na,na,na,na,na,na,na,na,na,na,na,na,14.34,0.11,na,na,na,na,na,na,na,na,na,na
MSR,3,2012,12167.8,4.085,9.15,35,98.8,na,1.7,0.183,2.513,2.35,183.3,0.11,2.4,12,240,6.5,9.72,-0.807,na,23.36,na,na,na,1.53,na,19.64,na,na
MSR,3,2013,242895,5.385,na,38,31.4,na,0.964,0.044,0.914,5.36,170,na,na,na,na,na,10.86,-0.581,na,na,na,na,na,na,na,na,na,na
MSR,3,2014,111482.9,5.047,na,32,114.2,na,1.85,0.141,0.858,6.18,142.8,na,na,na,na,na,11.13,-0.527,na,na,na,na,na,na,na,na,na,na
MSR,3,2015,36262.2,4.559,3.22,51,30.2,na,1.68,0.344,0.279,5.64,186,0.226,2.7,1.14,117,5,22.03,1.638,na,na,na,23.99,na,na,na,na,na,22.93
MSR,3,2016,618491.5,5.791,13.11,47,68.8,na,0.73,0.136,0.21,6.64,141,0.231,0.974,1.14,188,6.8,12.64,-0.227,16.9,24.5,27.26,26.14,6.19,1.9,12.59,16.97,20.21,21.31
MSR,3,2017,2158500,6.334,24,24,23,50.55,1.057,0.106,3.649,8.97,na,0.084,0.51,3.48,96,5.2,18.72,0.98,na,22.84,26.37,25.04,na,3.55,na,19.72,22.66,23.57
MSR,3,2018,701070.2,5.846,14.43,58,158.8,93.3,0.929,0.156,1.067,6.65,131.3,0.155,1.27,1.66,345,11,19.11,1.058,19.67,23.29,26.82,26.44,7.25,2.87,11.71,19.55,22.5,24.04
NRR,3,1987,na,na,7.2,na,5,5,0.05,0.05,0.75,2,86.5,0,0.225,1.5,96.8,2.4,10.99,-0.416,na,na,na,na,na,na,na,na,na,na
NRR,3,1988,124.3,2.094,2.2,144,5,52.5,0.2,0.05,1.467,1,112,0.1,0.2,1.45,96,0.8,11.77,-0.202,na,na,na,na,na,na,na,na,na,na
NRR,3,1989,na,na,4.5,96,13.7,17,0.3,0.05,0.4,1.67,119.5,0,0.175,1.5,68.3,2.1,12.79,0.078,19.58,24.89,26.87,27.42,4.31,1.63,10.28,11.98,15.12,17.24
NRR,3,1990,na,na,2.83,114,99.9,29,0.168,0.081,0.65,3.06,120.6,0.05,0.217,1.517,125.5,1.5,10.05,-0.674,17.21,24.35,27.4,27.44,5.73,2.68,9.8,14.01,14.15,14.95
NRR,3,1991,na,na,na,131,25.3,11.66666667,0.2,0.05,0.8,2.33,88.5,0,0.35,1.35,61,3.8,8.96,-0.973,21.88,27.04,29.45,27.96,5.18,2.28,11.43,12.56,12.69,13.75
NRR,3,1992,7673.6,3.885,9.1,65.3,188,76,0.4,0.075,0.5,5.78,69.5,0.083,na,2.65,163.3,5.5,16.54,1.106,20.27,23.83,26.5,26.12,3.73,0.5,11.27,14.39,17.49,19.86
NRR,3,1993,5311.2,3.725,4.92,48,na,na,na,na,na,na,112.7,na,na,na,na,na,12.35,-0.043,20.43,25.11,29.06,28.59,4.51,1.14,9.7,11.22,12.37,12.75
NRR,3,1994,na,na,6.52,87.3,na,na,na,na,na,9.86,na,na,na,na,na,5.8,7.92,-1.258,18.84,25.28,27.21,24.94,4.04,1.1,12.38,12.73,13.25,13.08
NRR,3,1995,12890.8,4.11,14.37,88,na,na,na,na,na,6.6,76.8,na,na,1.429,na,8.8,10.36,-0.589,17.45,23.95,26.15,27.42,3.17,0.71,10.69,14.87,15.17,15.79
NRR,3,1996,na,na,na,64.7,na,na,na,na,na,4,79.2,na,na,1.478,na,3,13.75,0.341,17.9,23.17,24.8,24.98,5.61,1.58,11.39,14.29,15.18,16.08
NRR,3,1997,na,na,9.76,50,10.3,na,na,na,1.416,4.47,na,0.079,na,1.961,na,5.8,12.12,-0.106,14.26,19.75,25.23,22.53,4.64,2.22,10.07,11.71,13.52,13.34
NRR,3,1998,1616.7,3.209,8.48,82.3,na,na,0.125,na,na,3.42,68,0.12,0.75,na,na,4.2,12.92,0.113,17.45,21.46,23.59,22.71,5.6,1.2,8.86,12.23,13.79,14.44
NRR,3,1999,382.3,2.582,na,75,5.8,6.666666667,0.3,na,0.765,2.5,90,0.067,0.44,1.54,107.5,3.4,8.86,-1,22.39,26.55,29.32,28.32,5.75,2.95,9.6,10.94,11.47,12.49
NRR,3,2000,860.4,2.935,na,na,na,na,na,na,na,na,na,na,na,na,na,na,11.03,-0.405,20.65,25.93,27.74,27.67,3.68,1.98,12.76,14.33,15.47,16.69
NRR,3,2001,1194.3,3.077,na,96,na,na,na,na,na,na,na,na,na,na,na,na,13.6,0.3,22.68,25.39,28,28.69,3.17,2.03,10.8,11.78,12.37,13.61
NRR,3,2002,na,na,na,61.7,na,na,na,na,na,na,na,na,na,na,na,na,9.91,-0.712,19.44,26.62,29.48,28.81,3.37,0.89,15.62,15.93,16,16.49
NRR,3,2003,3939.6,3.595,na,48,na,na,na,na,na,na,na,na,na,na,na,na,16.82,1.183,21.1,23.98,28.01,28.79,2.52,0.2,15.38,17.43,18.17,19.11
NRR,3,2004,34053.5,4.532,na,41.3,na,na,na,na,na,na,na,na,na,na,na,na,10.48,-0.556,21.69,26.24,27.73,26.44,2.84,0.67,13.44,18.94,19.33,21.01
NRR,3,2005,3080,3.489,na,108,na,na,na,na,na,na,na,na,na,na,na,na,16.35,1.054,20.56,26.63,28.89,29.3,3.5,0.41,11.87,13.11,13.65,14.14
NRR,3,2006,616,2.79,na,62.5,16.3,na,1.238,na,0.434,3.35,72.2,na,0.543,1.908,110,2.3,11.29,-0.334,20.47,26.39,28.75,28.56,4,1.31,11.49,17.64,18.99,19.72
NRR,3,2007,1776.9,3.25,na,132,na,na,0.165,0.018,0.736,2.45,97,0,0.075,2.296,85.5,2.4,7.42,-1.395,22.23,26.09,27.48,28.74,3.2,2.02,11.47,12.66,13.54,14.55
NRR,3,2008,30082.1,4.478,na,na,1.9,na,na,0.021,0.078,9.85,95.8,na,na,na,na,na,7.91,-1.261,18.75,26.24,27.05,27.79,4.92,0.96,14.71,15.73,16.53,17.03
NRR,3,2009,na,na,na,75,23.9,na,0.735,0.084,2.895,9.42,88.5,0.066,0.769,10.063,151.5,12.6,15.88,0.925,20.56,26.92,26.95,26.82,5.34,0.81,15.86,18.14,20.1,21.33
NRR,3,2010,22885.1,4.36,na,116,na,na,na,na,na,na,na,na,na,na,na,na,12.34,-0.046,21.56,27.93,29.17,29.53,4.99,0.82,14.96,17.81,18.33,18.98
NRR,3,2011,219448.3,5.341,na,39,30.5,na,0.75,0.034,0.576,6.7,101.4,0,0.21,2.4,31.5,1.2,8.59,-1.074,na,26.19,na,na,na,0.14,na,16.41,na,na
NRR,3,2012,79974.5,4.903,na,107,na,na,na,na,na,na,na,na,na,na,na,na,11.86,-0.177,na,na,na,na,na,na,na,na,na,na
NRR,3,2013,342017.7,5.534,na,47,10.3,na,0.513,0.011,1.4,3.93,85,0,0.2,2.15,63.5,1.2,20.37,2.157,na,na,na,26.92,na,na,na,na,na,na
NRR,3,2014,165649.3,5.219,na,108,7.7,na,1.5,0.07,0.458,3.2,na,0.087,0.9,2.74,100,2.9,10.6,-0.523,na,na,na,26.78,na,na,na,na,na,17.72
NRR,3,2015,435063.9,5.639,4.16,62,21.4,na,0.867,0.143,0.217,3.78,77.5,0.193,0.975,2.273,99.3,3.5,19.53,1.927,na,26.88,na,27.65,na,0.46,na,15.55,na,21.78
NRR,3,2016,331181.9,5.52,6.38,75,12,na,0.473,0.092,0.168,4.88,87.3,na,na,na,na,na,21.29,2.409,21.24,26.1,29.16,29.59,4.11,2.47,14.84,17.26,19.77,22.62
NRR,3,2017,1959184.7,6.292,7.49,60,30.8,2,0.502,0.135,0.155,4.73,77.9,0.131,0.245,1.887,83.5,3.4,9.78,-0.748,20.6,25.29,29.24,27.76,3.77,1.55,14.02,17.83,21.27,22.07
NRR,3,2018,605694.7,5.782,16.14,75,45.4,31.4,0.411,0.148,0.363,3.89,92.1,0.151,0.33,1.9,117.5,2.1,15.78,0.898,22.26,27.38,29.34,28.49,6.44,3.16,13.3,17.89,22.04,22.2
PRR,1,1987,na,na,4.9,120,9,8,0.163,0.063,0.1,1.75,68.3,0.25,0.3,0.2,17.5,3,8.36,-1.017,na,na,na,na,na,na,na,na,na,na
PRR,1,1988,na,na,3.11,165,56.7,35,0.375,0.05,0.1,2.75,64.5,0,0.45,0.2,41.5,3.5,7.91,-1.138,na,na,na,na,na,na,na,na,na,na
PRR,1,1989,na,na,1.71,171,11.4,6,0.26,0.14,0.2,2,56.3,0.15,0.15,0.8,13,2,13.59,0.385,17.44,24.14,27.33,26.97,7.37,2.32,11.5,13.29,14.72,15.34
PRR,1,1990,na,na,1.75,96,na,na,na,na,na,na,na,na,na,na,na,na,16.45,1.152,16.83,23.21,27.33,26.28,8.07,3.78,12.46,15.17,16.23,16.88
PRR,1,1991,na,na,na,124,na,na,na,0.05,na,na,87,0,0.6,0.175,5,8,7.07,-1.363,22,27.23,30.08,26.9,7.16,2.75,13.29,13.91,15.47,16.5
PRR,1,1992,58280.8,4.766,1.52,130,53.3,20,na,0.138,na,4.67,55,0,na,0.05,na,5,8.88,-0.878,18,24.14,27.19,25.41,8.75,5.42,11.7,13.28,14.88,16.55
PRR,1,1993,5445,3.736,2.27,123.3,na,42,na,na,na,na,47.2,na,na,na,na,na,11.52,-0.17,17.14,25.91,30.76,28.27,8.76,4.43,12.23,14.24,14.77,16.32
PRR,1,1994,na,na,2.08,89.7,na,na,na,na,na,6.4,na,na,na,na,na,12.7,6.79,-1.438,18.87,24.93,27.74,27.62,4.83,2.62,14.16,14.81,16.7,17.13
PRR,1,1995,370.2,2.568,na,189,na,na,na,na,na,5.4,55,na,na,na,na,7.3,16.13,1.066,20.31,25.47,27.35,30.65,5.4,1.71,15.22,16.17,17.16,17.18
PRR,1,1996,na,na,na,85,na,na,na,na,0.253,4.3,48.5,na,na,0.194,na,3.3,13.61,0.39,17.73,25.12,27.48,27.32,7.2,2.4,14.13,15.26,15.14,15.34
PRR,1,1997,na,na,4.86,75.8,na,na,0.02,na,0.069,4.48,na,na,na,0.125,na,6.6,10.59,-0.419,16.85,23.5,28.11,25.77,4.86,1.92,14.34,15.95,15.98,17.09
PRR,1,1998,1692.2,3.228,6.31,82,na,na,0.6,na,na,3.08,51.5,na,0.3,na,na,2,14.1,0.522,23.05,24.61,28.07,27.95,8.46,2.05,14.43,15.64,17.4,17.58
PRR,1,1999,1604.5,3.205,na,92,15.4,6.25,0.186,na,0.088,3.49,53.5,na,0.05,0.76,12.5,3.2,10.65,-0.403,20.15,24.81,29.64,27.65,3.08,1.34,13.92,15.42,17.06,17.27
PRR,1,2000,1348.9,3.13,na,63,na,na,na,na,na,na,na,na,na,na,na,na,17.54,1.444,20.35,25.08,28.14,27.32,5.19,2.3,13.97,15.76,17.56,17.64
PRR,1,2001,na,na,na,78.7,na,na,na,na,na,na,na,na,na,na,na,na,13.39,0.331,22.3,25.58,28.35,28.21,3.54,1.57,14.57,15.98,17.2,18.08
PRR,1,2002,2535.2,3.404,na,75,na,na,na,na,na,na,na,na,na,na,na,na,6.8,-1.436,19.5,27.4,29.62,28.17,4.72,1.38,15.27,15.6,16.55,17.43
PRR,1,2003,920.8,2.964,na,102.7,na,na,na,na,na,na,na,na,na,na,na,na,11.57,-0.157,18.96,23.11,28.04,28.35,4.05,1.84,14.82,16.18,17.03,17.89
PRR,1,2004,3917.8,3.593,na,87.8,na,na,na,na,na,na,na,na,na,na,na,na,12.32,0.045,21.82,26.08,27.48,26.57,3.49,1,14.29,15.41,15.93,16.67
PRR,1,2005,1050.8,3.022,na,77,na,na,na,na,na,na,na,na,na,na,na,na,10.84,-0.352,20.07,26.21,28.67,28.41,5.61,1.4,12.78,14.22,16.53,16.48
PRR,1,2006,4073,3.61,na,71.7,na,na,na,na,na,na,na,na,na,na,na,na,18.63,1.736,18.83,25.99,28.6,29.11,4.76,1.18,14.29,14.89,16.34,17.04
PRR,1,2007,4473.9,3.651,na,72,na,na,0.344,0.018,0.008,3.25,60,0,0.391,0.008,9,4.2,7.91,-1.138,21.24,25.9,27.46,28.86,4.08,1.82,11.78,13.11,14.68,16.06
PRR,1,2008,22251.9,4.347,na,na,26.7,na,0.187,0.044,0.017,8.44,71.1,0.024,0.41,0.2,19.5,15,9.44,-0.728,17.42,25.7,27.11,27.91,5.88,1.69,13.42,14.64,15.25,15.34
PRR,1,2009,na,na,na,61,31.1,na,0.711,0.052,0.065,7.84,na,0.088,0.55,0.31,49,12,19.4,1.943,20.16,26.81,25.56,27.78,4.44,1.05,14.46,15.69,16.54,18.13
PRR,1,2010,62844.4,4.798,na,74,7.9,na,0.3,0.025,0.052,3.1,66,0,0.14,0.26,13,3.3,10.72,-0.384,23.1,29.94,31.83,32.56,3.88,1.89,15.73,17,18.14,19.49
PRR,1,2011,na,na,na,na,na,na,na,na,na,na,na,na,na,na,na,na,12.7,0.146,na,na,na,na,na,na,na,na,na,na
PRR,1,2012,28325,4.452,na,49,2.6,na,0.738,0.079,na,2.76,67.9,na,na,na,na,na,8.04,-1.103,na,na,na,na,na,na,na,na,na,na
PRR,1,2013,64114.2,4.807,na,145,11.6,na,0.472,0.011,0.24,3.98,92,na,na,na,na,na,11.4,-0.202,na,na,na,27.31,na,na,na,na,na,18.3
PRR,1,2014,407748.2,5.61,na,60,35.7,na,1.45,0.241,0.006,5.3,58.2,na,na,na,na,na,10.33,-0.489,na,na,na,30.27,na,na,na,na,na,18.23
PRR,1,2015,227854.1,5.358,7.3,58,3.2,na,1.183,0.135,0.059,3.82,59.4,0.076,0.6,0.397,2,2,19.72,2.029,na,na,26.23,26.64,na,na,na,na,15.95,16.28
PRR,1,2016,396775.4,5.599,3.28,84,27.9,na,0.336,0.082,0.04,4.68,66.7,na,na,na,na,na,12.46,0.082,17.25,27.32,29.24,30.78,4.7,1.2,12.53,13.6,15.52,17.61
PRR,1,2017,1385836.3,6.142,5.72,98,21.6,9.2,0.514,0.097,0.041,6.04,62.4,0.105,0.33,0.828,27,4.3,13.04,0.238,21.08,25.49,28.71,26.87,4.22,1.62,15.55,16.34,17.62,18.46
PRR,1,2018,556079.5,5.745,9.86,124,47.1,37.8,0.57,0.174,0.006,5.09,74.8,0.138,0.477,0.069,101,3.8,17.02,1.305,22.31,26.61,27.7,28.42,7.94,2.96,12.26,13.45,15.29,15.6
RRR,2,1987,na,na,8,78,16.5,12.5,0.2,0.05,0.15,2,85.5,0.2,0.45,0.725,92.8,4.5,7.28,-1.393,na,na,na,na,na,na,na,na,na,na
RRR,2,1988,na,na,12.8,84,50,139,0.4,0.2,1.02,0.83,92.5,0,0.25,0.45,50,0.5,12.94,0.323,na,na,na,na,na,na,na,na,na,na
RRR,2,1989,na,na,8,45,5,26,0.5,0.4,0.1,3.5,65.5,0.15,0.3,1.025,79.5,3.8,13.4,0.463,18.93,25.94,28.29,27.64,3.45,0.58,10.68,14.84,19.45,19.84
RRR,2,1990,na,na,na,na,na,na,na,na,na,na,na,na,na,na,na,na,10.87,-0.305,17.4,24.91,27.47,27.31,4.94,0.93,12.03,15.54,15.8,15.87
RRR,2,1991,na,na,na,72,na,na,na,0.05,na,na,na,0.025,0.163,0.55,17,5.5,5.74,-1.86,22.45,27.4,30.09,27.43,na,1.54,12.6,14.43,16.37,17.25
RRR,2,1992,9727.2,3.988,7.37,68.3,70,102.5,na,0.05,na,7.25,33.8,0.075,na,1.25,155,6.5,12.87,0.302,19.7,23.18,28.28,26.52,3.85,0.74,10.19,12.66,14.7,18.86
RRR,2,1993,3960,3.598,7.96,72,na,na,na,0.083,na,4,77,0.1,na,na,na,3.7,10.36,-0.459,20.79,27.19,na,28.58,5.87,1.44,11.5,15.19,na,17.1
RRR,2,1994,na,na,na,na,na,na,na,na,na,na,na,na,na,na,na,7.8,7.58,-1.302,20.48,26.67,28.5,26.78,2.9,0.27,13.21,14.38,16.25,16.69
RRR,2,1995,111.4,2.047,13.75,62,na,na,na,na,na,8.7,28,na,na,na,na,9.7,12.48,0.184,20.63,25.78,28.89,30.19,0.33,0.32,15.51,16.41,17.95,19.07
RRR,2,1996,na,na,na,na,na,na,na,na,na,5.26,80,na,na,1.045,na,4.3,11.14,-0.223,21.21,26.6,28.62,27.76,5.88,0.84,14.46,16.92,18.02,19.25
RRR,2,1997,na,na,13.8,44,na,na,na,na,0.03,5.21,na,na,na,0.504,na,5.1,9.35,-0.766,18.58,23.51,28.8,26.73,3.68,1.29,13.67,15.83,16.76,17.39
RRR,2,1998,1669.6,3.223,15.2,84,na,na,0.05,na,na,4.5,79,na,0.075,na,na,3.2,13.19,0.399,22.18,26.9,28.53,28.7,3.81,0.69,13.79,16.1,18.75,19.84
RRR,2,1999,249.7,2.397,na,na,15,5,0.05,na,0.175,4.05,78,na,0.175,0.555,23.3,2.6,7.59,-1.299,23.56,26.88,29.91,28.15,4.17,1.32,13.75,14.1,14.94,16.36
RRR,2,2000,570.1,2.756,na,66,na,na,na,na,na,na,na,na,na,na,na,na,15.72,1.166,20.31,26.73,28.08,28.24,2.73,1.71,13.4,14.6,15.35,18.53
RRR,2,2001,6799.6,3.832,na,64.3,na,na,na,na,na,na,na,na,na,na,na,na,15.37,1.06,23.36,25.64,28.25,29.24,-0.49,0.84,12.54,14.86,15.37,17.53
RRR,2,2002,na,na,na,77.3,na,na,na,na,na,na,na,na,na,na,na,na,11.48,-0.12,20.47,25.92,29.47,28.39,2.96,0.34,14.78,15.83,15.59,17.04
RRR,2,2003,1917.4,3.283,na,52.3,na,na,na,na,na,na,na,na,na,na,na,na,11.23,-0.195,21.1,23.69,28.08,28.6,2.44,0.25,14.38,17.3,18.42,19.9
RRR,2,2004,84588,4.927,na,64,na,na,na,na,na,na,na,na,na,na,na,na,11.05,-0.25,22.35,26.25,27.61,27.65,2.64,0.67,14.23,18.58,19.47,20.03
RRR,2,2005,717.4,2.856,na,84,na,na,na,na,na,na,na,na,na,na,na,na,14.78,0.881,21.41,26.2,28.47,29.12,3.54,0.6,12.3,12.98,14.17,15.37
RRR,2,2006,883.2,2.946,na,67.7,46.7,na,0.54,na,0.01,4.23,79.8,na,0.763,0.857,140,5.5,13.13,0.381,20.66,25.67,29.66,29.94,3.07,0.59,12.47,17.4,19.33,21.04
RRR,2,2007,560.8,2.749,na,96,na,na,0.271,0.018,0.008,3.61,101,0,0.361,0.644,19.3,4.6,8.83,-0.923,22.58,26.91,28.51,29.79,3.66,2.04,11.61,12.75,14.33,15.55
RRR,2,2008,31234.8,4.495,na,na,7.4,na,na,0.043,0.03,12.84,114.9,na,na,na,na,na,12.26,0.117,19.17,28.7,28.39,28.05,3.45,0.04,13.39,16.51,18.4,18.85
RRR,2,2009,na,na,na,64,48.6,na,0.731,0.051,0.849,9.81,98.5,0.054,1.06,3.904,187.5,14,18.16,1.906,21.37,27.54,25.96,28.7,3.16,0.43,15.27,19.14,21.04,22.88
RRR,2,2010,39573.3,4.597,na,91,na,na,na,na,na,na,na,na,na,na,na,na,5.96,-1.794,22.36,28.67,30.02,30.17,3.1,0.28,15.24,17,17.72,18.39
RRR,2,2011,33559.8,4.526,na,64,30.8,na,0.68,0.021,0.086,6.6,72.3,0,0.58,1.2,7,3.4,12.42,0.165,na,24.61,na,na,na,0.35,na,16.04,na,na
RRR,2,2012,111857.4,5.049,3.13,82,na,na,na,na,na,na,na,na,na,na,na,na,8.82,-0.926,na,na,na,na,na,na,na,na,na,na
RRR,2,2013,109762.8,5.04,na,80,14.1,na,0.286,0.011,0.132,3.71,94.7,na,na,na,na,na,16.69,1.46,na,na,na,na,na,na,na,na,na,na
RRR,2,2014,195654.5,5.291,na,79,18.5,na,0.6,0.035,0.052,3.9,na,na,na,na,na,na,10.02,-0.562,na,na,na,na,na,na,na,na,na,na
RRR,2,2015,67577.6,4.83,3.03,81,3.9,na,0.822,0.152,0.099,3.81,82.5,0.137,0.7,0.384,2,2.8,18.97,2.152,na,na,28.04,na,na,na,na,na,19.48,na
RRR,2,2016,874298.9,5.942,4.68,83,72.6,na,0.584,0.091,0.057,6.68,85,0.076,0.324,0.916,110,3.3,15.58,1.124,21.94,27.94,27.99,30.65,1.79,0.41,15.03,16.49,20.25,23.33
RRR,2,2017,448948.7,5.652,4.56,96,25.9,2,0.498,0.155,0.063,7.2,94.7,0.149,0.41,0.554,16.5,4,11.41,-0.141,22.98,27.53,29.49,28.78,2.2,-0.03,15.66,18.51,22.21,22.46
RRR,2,2018,1079339.4,6.033,8.98,60,19.3,30.7,0.242,0.117,0.027,4.86,93.7,0.137,0.119,0.888,74,3.1,13.32,0.438,24.2,29.53,29.47,28.56,4.5,0.4,13.07,16.09,21.79,23.06
SRR,3,1987,na,na,10.6,na,24,24,0.7,0.05,4.7,5.5,130,na,na,na,na,na,15.67,0.751,na,na,na,na,na,na,na,na,na,na
SRR,3,1988,895.7,2.952,16.8,84,50,na,0.55,0.05,4.05,4,136,na,na,na,na,na,7.11,-1.484,na,na,na,na,na,na,na,na,na,na
SRR,3,1989,na,na,12,17,89.7,42.33333333,0.667,0.133,2.8,3.67,99.5,na,na,na,na,na,13.47,0.176,15.49,23.18,26.59,25.42,8.84,3.12,12.9,18.11,20.92,22.4
SRR,3,1990,na,na,4,44,na,na,na,na,na,na,na,na,na,na,na,na,16.68,1.015,15.23,21.95,25.32,24.31,7.86,3.92,11.63,17.33,20.06,20.99
SRR,3,1991,na,na,na,30,5,26,0.5,0.05,2.3,5,167.5,na,na,na,na,na,7.63,-1.348,19.41,26.98,27.42,25.56,7.7,1.08,11.86,16.46,18.89,19.91
SRR,3,1992,3895.9,3.591,25.08,24,5,5,1.25,0.05,3.9,9.5,111.5,na,na,na,na,na,11.08,-0.448,16.59,20.73,23.62,24.47,6.94,2.39,12.19,16.16,19.74,21.65
SRR,3,1993,14186.7,4.152,6.31,42,na,na,na,0.075,na,6,168,na,na,na,na,na,16.16,0.879,17.95,22.02,26.59,27.21,6.33,4.07,13.08,17.19,20.98,23.99
SRR,3,1994,na,na,8.53,28,na,na,na,na,na,14,na,na,na,na,na,na,13.33,0.14,14.8,25.51,na,na,8.13,3.07,12.59,14.68,na,na
SRR,3,1995,480.4,2.682,na,42,na,na,na,na,na,10.43,134,na,na,na,na,na,7.65,-1.343,15.12,24.21,26.95,29.25,9,2.06,12.3,17.36,20.68,22.29
SRR,3,1996,na,na,na,39,na,na,na,na,na,8.03,115,na,na,na,na,na,14.45,0.432,15.16,22.86,24.63,25.17,8.88,4.75,11.83,15.8,18.73,22.16
SRR,3,1997,na,na,10.13,39,na,na,na,na,na,6.96,na,na,na,na,na,na,15.92,0.816,13.53,22.5,25.9,na,7,3.83,11.73,15.13,20.19,na
SRR,3,1998,520.2,2.716,13.56,81,na,na,na,na,na,6.53,82,na,na,na,na,na,19.15,1.66,22.19,21.92,25.85,25.74,3.81,0.86,14.1,17.92,22.64,22.74
SRR,3,1999,1258.6,3.1,na,53,15,12.5,na,na,na,6.65,110,na,na,na,na,na,11.5,-0.338,18.34,25.55,31.68,26.92,6.79,2.72,13.09,20.05,23.25,20.36
SRR,3,2000,1980.2,3.297,na,34,na,na,na,na,na,na,na,na,na,na,na,na,12.4,-0.103,19.08,24.65,28.19,25.7,5.82,2.46,14.38,20.85,25.02,23.34
SRR,3,2001,675.1,2.829,na,31.5,na,na,na,na,na,na,na,na,na,na,na,na,14.52,0.451,20.72,21.94,28.15,26.7,2.63,3.7,15.44,16.79,16.62,17.54
SRR,3,2002,na,na,na,23.5,na,na,na,na,na,na,na,na,na,na,na,na,7.23,-1.453,15.2,23.74,27.47,26.65,5.87,3.46,13.43,16.39,18.07,18.89
SRR,3,2003,70699,4.849,na,28,na,na,na,na,na,na,na,na,na,na,na,na,16.55,0.981,18.1,21.71,25.05,26.81,6.12,2.58,13.85,16.91,20.32,22.61
SRR,3,2004,115935.6,5.064,na,39,na,na,na,na,na,na,na,na,na,na,na,na,16.34,0.926,18.78,23.59,24.13,24.92,5.69,1.87,14.71,18.6,22.08,22.2
SRR,3,2005,29925,4.476,na,26,na,na,na,na,na,na,na,na,na,na,na,na,9.48,-0.865,16.65,23.66,26.64,28.19,6.43,0.9,11.26,15.42,20.09,20.82
SRR,3,2006,15482,4.19,na,29.5,130,na,0.984,na,1.693,na,97.9,na,na,na,na,na,13.06,0.069,18.22,24.68,27.26,26.88,6.48,1.63,14.56,19.01,22.01,23.37
SRR,3,2007,15534.3,4.191,na,30,75,na,1.032,0.149,0.487,6.81,129.6,na,na,na,na,na,12.5,-0.077,19.6,24.26,24.99,26.61,5.4,1.06,13.35,15.1,16.71,18.02
SRR,3,2008,20304.2,4.308,na,33,1025,na,1.04,0.145,2.975,11.25,132.5,na,na,na,na,na,7.92,-1.273,16.28,24.83,25.29,25.29,6.75,2.84,14.08,19.83,23.1,23.17
SRR,3,2009,na,na,na,36,162,na,0.937,0.127,12.442,15,133.3,na,na,na,na,na,9.71,-0.805,18.23,23.42,24.09,24.42,6.77,1.97,15.8,17.94,20.27,20.23
SRR,3,2010,5256,3.721,na,23,207.3,na,1.447,0.127,6.407,10.69,114.5,na,na,na,na,na,16.64,1.004,18.23,25.55,28.5,26.99,4.32,1.42,15.49,20.57,23.83,25.2
SRR,3,2011,na,na,na,na,na,na,na,na,na,na,na,na,na,na,na,na,9.13,-0.957,na,na,na,na,na,na,na,na,na,na
SRR,3,2012,1006869.9,6.003,53.75,19,104.1,na,1.061,0.067,0.494,9.15,121.4,na,na,na,na,na,8.17,-1.207,na,na,28.18,na,na,na,na,na,19.52,na
SRR,3,2013,268574.3,5.429,na,33,34.2,na,0.958,0.103,3.576,5.81,142.9,na,na,na,na,na,13.2,0.106,na,na,24.2,na,na,na,na,na,21.31,na
SRR,3,2014,72415.6,4.86,na,20,114,na,1.7,0.376,1.04,6.3,105,na,na,na,na,na,9.15,-0.952,na,na,na,na,na,na,na,na,na,na
SRR,3,2015,63277.5,4.801,1.8,40,19.6,na,1.133,0.209,0.046,6.27,121.6,na,na,na,na,na,20.73,2.072,na,na,na,24.25,na,na,na,na,na,23.24
SRR,3,2016,371566.5,5.57,14.12,37,78.6,na,0.973,0.067,0.901,8.81,111.3,na,na,na,na,na,9.53,-0.852,16.1,24.51,27.95,27.68,6.79,2.27,12.45,16.06,20.59,22.99
SRR,3,2017,927482.6,5.967,8.95,30,45.2,2,0.94,0.152,3.472,7.75,127.5,na,na,na,na,na,15.23,0.636,16.72,22.87,25.85,24.67,5.49,2.1,12.82,19.46,22.13,23.29
SRR,3,2018,1210355.8,6.083,23.94,36,111.9,89.3,0.913,0.132,1.519,6.61,104.4,na,na,na,na,na,18.13,1.393,19.73,24.04,26.3,25.91,7.57,1.77,10.55,18.33,22.01,23.38
TAR,2,1987,na,na,27.47,39,39.8,19.8,0.382,0.05,0.1,3.83,99.1,0,0.467,0.183,631,4.3,11.57,-0.283,na,na,na,na,na,na,na,na,na,na
TAR,2,1988,1608.7,3.206,30.53,34,49.6,90.57142857,0.743,0.075,0.1,4.45,90.9,0,0.733,1.033,363.3,5,11.15,-0.385,na,na,na,na,na,na,na,na,na,na
TAR,2,1989,na,na,14.19,28.3,75.7,16.6,0.45,0.077,0.202,3.97,103.3,0.1,0.533,1.467,511.7,6,15.8,0.745,17.18,25.74,27.74,26.59,3.88,0.43,7.99,11.13,11.65,11.83
TAR,2,1990,na,na,20.43,25.5,120.8,10.5,0.544,0.088,0.306,6.13,118.9,na,na,na,na,na,13.51,0.188,17.53,23.88,26.64,26.82,2.79,0.74,9.79,13.59,13.47,14.9
TAR,2,1991,na,na,na,33.7,21.1,5,0.429,0.052,na,5.48,113.4,0,0.533,1.55,261.3,4,16.65,0.952,21.58,27.4,28.55,27.11,2.62,0.49,10.47,11.09,13.17,13.22
TAR,2,1992,5452.8,3.737,15.03,37.7,156.1,90,1.78,0.079,0.338,6.55,107.7,na,na,na,na,na,18.51,1.404,19.54,23.86,27.03,25.51,4.67,0.54,9.08,11.71,14.55,16.14
TAR,2,1993,63250,4.801,16.54,32,na,na,na,0.293,na,6.14,108.3,na,na,na,na,na,14.49,0.427,20.43,24.25,29.05,28.13,4.72,1.31,8.41,9.63,11.03,11.55
TAR,2,1994,na,na,18.62,23.3,na,na,na,na,na,9.57,na,na,na,na,na,10,9.27,-0.842,19.1,26.7,29.03,26.44,4.5,0.37,11.16,11.34,12.09,12.4
TAR,2,1995,21549.3,4.333,14.1,38,na,na,na,na,na,9,75.4,na,na,na,na,11.1,10.39,-0.57,19.21,26.61,28.05,29.89,3.71,0.37,12.66,17.81,17.43,18.31
TAR,2,1996,na,na,na,28,na,na,na,na,na,6.72,84.5,na,na,0.504,na,5.1,16.04,0.803,20.24,24.56,27.11,27.71,5.04,0.66,14.35,17.74,18.32,18.4
TAR,2,1997,na,na,30.37,32,na,na,na,na,0.005,7.89,na,na,na,0.195,na,8.7,9.87,-0.696,16.57,22.59,27.45,25.87,3.22,1.83,12.55,16.08,17.28,17.01
TAR,2,1998,12258.1,4.088,36.57,29.3,na,na,0.993,na,na,6.19,81.9,na,0.8,na,na,4.8,16.01,0.796,22.8,24.22,28.4,28.27,2.76,0.3,12.06,15.63,17.79,18.4
TAR,2,1999,30342.9,4.482,na,30.7,52.1,5.833333333,0.82,na,0.057,5.9,75.3,na,0.8,0.16,455,7.3,9.6,-0.762,21.5,27.77,29.54,28.55,2.33,0.92,10.2,12.34,14.13,14.25
TAR,2,2000,8693.7,3.939,na,43,na,na,na,na,na,na,na,na,na,na,na,na,9.53,-0.779,20.42,25.55,27.45,27.61,1.66,0.13,11.82,12.58,13.07,13.68
TAR,2,2001,9307.6,3.969,na,41,na,na,na,na,na,na,na,na,na,na,na,na,8.28,-1.083,23.64,25.14,27.41,28.08,2.53,0.34,10.21,10.95,11.31,11.85
TAR,2,2002,na,na,na,28.3,na,na,na,na,na,na,na,na,na,na,na,na,5.41,-1.781,18.37,26,29.75,28.59,2.16,0.16,13.54,14.26,13.93,14.26
TAR,2,2003,6123.4,3.787,na,37,na,na,na,na,na,na,na,na,na,na,na,na,13.51,0.188,18.67,24.04,28.02,28.53,1.85,0.4,12.03,14.66,16.12,16.52
TAR,2,2004,17704.6,4.248,na,26,na,na,na,na,na,na,na,na,na,na,na,na,14.4,0.405,22.01,26.37,27.47,26.61,2.18,0.42,11.05,16.94,17.13,19.22
TAR,2,2005,9512.5,3.978,na,53,na,na,na,na,na,na,na,na,na,na,na,na,7.84,-1.19,20.26,26.49,29.11,28.87,4.16,2.27,10.15,11.38,11.63,11.99
TAR,2,2006,16813.9,4.226,na,35.3,na,na,na,na,na,na,na,na,na,na,na,na,8.29,-1.081,19,26.07,28.73,28.9,1.94,0.04,10.27,11.6,12.83,14.1
TAR,2,2007,11295.5,4.053,na,48,na,na,0.461,0.018,0.008,4.33,118,0.123,0.935,0.008,244,6.1,6.6,-1.491,21.62,26.59,27.13,28.59,1.35,0.01,9.44,10.3,10.76,11.23
TAR,2,2008,53000.6,4.724,na,34,310.3,na,0.706,0.272,0.061,14.57,125.7,0.085,0.285,0.385,205,15.5,7.92,-1.17,18.75,26,27.37,27.81,2.87,0.24,12.77,13.55,13.95,14.29
TAR,2,2009,na,na,na,23.5,264.6,na,1.192,0.098,0.085,12.11,135,0.058,1.01,1.54,430.5,14.5,15.09,0.572,21.37,26.9,25.55,27.97,2.07,0.05,12.91,14.47,15.21,16.71
TAR,2,2010,na,na,na,na,na,na,na,na,na,na,na,na,na,na,na,na,9.88,-0.694,22.28,27.96,30.49,30.33,3.15,0.1,17.55,17.56,17.78,18.08
TAR,2,2011,na,na,na,na,na,na,na,na,na,na,na,na,na,na,na,na,15.9,0.769,na,25.37,31.25,29.5,na,0.46,na,17.93,18.74,19.18
TAR,2,2012,na,na,14.33,37,63.9,na,0.499,0.015,0.015,3.96,101.6,0,0.92,2.4,400,6.7,11.17,-0.38,25.42,26.78,29.94,28.3,0.7,-0.05,12.28,13.46,14.2,15.35
TAR,2,2013,48001.9,4.681,na,48,35,na,0.462,0.011,0.114,6.04,na,na,na,na,na,na,16.36,0.881,na,na,na,na,na,na,na,na,na,na
TAR,2,2014,854128.5,5.932,na,33,21.2,na,1.3,0.071,0.014,5.4,na,0.098,1.8,1.53,347,5.7,10.81,-0.468,na,na,25.5,na,na,na,na,na,15.89,na
TAR,2,2015,942997.7,5.975,8.8,24,39.9,na,1.843,0.147,0.038,5.96,86.2,0.13,1.6,1.41,235,4.5,23.58,2.636,na,na,na,27.72,na,na,na,na,na,20.65
TAR,2,2016,778850.8,5.891,11.59,47,56.1,na,0.924,0.127,1.201,8.62,110,na,na,na,na,na,17.44,1.144,20.33,27.42,30.08,30.21,2.25,0.17,12.74,14.18,15.42,17.99
TAR,2,2017,1811909.5,6.258,10.48,30,58.7,2,0.847,0.081,0.079,8.57,94.6,0.168,0.52,3.14,253,5.2,17.21,1.088,21.61,25.26,28.88,26.98,2.5,0.26,14.25,16.09,18.12,18.67
TAR,2,2018,1118997.5,6.049,17.26,39,88.4,64.9,0.602,0.142,0.005,7.12,108,0.135,1.14,0.424,662,15.3,15.44,0.658,23.51,27.17,28.27,27.58,3.14,0.13,11.99,14.8,15.78,16.8
WFR,3,1987,na,na,na,10,220.1,45.33333333,0.9,0.454,0.18,7.83,100,0,na,0.65,161.5,7,7.24,-1.293,na,na,na,na,na,na,na,na,na,na
WFR,3,1988,na,na,na,12,307.8,89,1.583,0.617,0.75,7.67,127,0,na,0.3,170,6,8.96,-0.694,na,na,na,na,na,na,na,na,na,na
WFR,3,1989,na,na,na,18,110.8,51,0.55,0.125,0.225,5.75,104.3,0,na,0.5,64,5,10.29,-0.23,16.3,23.46,26.51,25.45,na,na,na,na,na,na
WFR,3,1990,na,na,na,13,na,na,na,na,na,na,na,na,na,na,na,na,13.39,0.85,18.22,23.62,26.13,25.7,na,na,na,na,na,na
WFR,3,1991,na,na,na,14,340.7,13.75,1.217,0.317,na,7.43,125,0,na,0.125,155.3,6.3,8.67,-0.795,20.39,25.42,26.98,24.93,na,na,na,na,na,na
WFR,3,1992,1278.3,3.107,63.63,na,na,na,na,na,na,na,120.3,0.45,na,0.375,130,6,8.86,-0.729,19.16,18.02,25.68,24.82,na,na,na,na,na,na
WFR,3,1993,14429,4.159,63.93,12,na,na,na,0.613,na,7.75,91.7,0.533,na,na,na,8.5,6.05,-1.708,20.2,23.24,28.46,26.05,na,na,na,na,na,na
WFR,3,1994,na,na,15.96,24,na,na,na,na,na,13.25,na,na,na,na,na,9,11.02,0.024,16.18,25.16,26.44,24.08,na,na,na,na,na,na
WFR,3,1995,8633.6,3.936,na,6,na,na,na,na,na,8.27,81.5,na,na,na,na,10.3,10.76,-0.067,18.04,25.59,25.99,27.6,na,na,na,na,na,na
WFR,3,1996,na,na,na,na,na,na,na,na,na,na,na,na,na,0.045,na,6.9,10.61,-0.119,na,na,na,na,na,na,na,na,na,na
WFR,3,1997,na,na,17,10,na,na,na,na,na,na,na,na,na,0.642,na,12.6,12.75,0.627,na,na,25.96,24.68,na,na,na,na,na,na
WFR,3,1998,4576.2,3.661,39.33,na,na,na,1.275,na,na,6.03,72.5,na,na,na,na,5.2,12.21,0.439,23.72,23.26,24.9,26.85,na,na,na,na,na,na
WFR,3,1999,829.6,2.919,na,25,75,5,0.7,na,0.025,7.13,95.5,na,na,0.37,100,5.1,8.04,-1.014,22.17,25.32,28.62,25.98,na,na,na,na,na,na
WFR,3,2000,1088.2,3.037,na,30,na,na,na,na,na,na,na,na,na,na,na,na,8.29,-0.927,20.31,26.57,27.34,26.64,na,na,na,na,na,na
WFR,3,2001,8396.9,3.924,na,17,na,na,na,na,na,na,na,na,na,na,na,na,15.4,1.55,25.19,22.67,26.4,27.85,na,na,na,na,na,na
WFR,3,2002,1631.7,3.213,na,19,na,na,na,na,na,na,na,na,na,na,na,na,7.33,-1.262,18.44,26.3,28.57,27.81,na,na,na,na,na,na
WFR,3,2003,390.7,2.592,na,14,na,na,na,na,na,na,na,na,na,na,na,na,18.45,2.613,20.38,22.04,26.18,26.82,na,na,na,na,na,na
WFR,3,2004,2197.1,3.342,na,14,na,na,na,na,na,na,na,na,na,na,na,na,10.6,-0.122,21.01,25.26,24.88,25,na,na,na,na,na,na
WFR,3,2005,11564,4.063,na,20,na,na,na,na,na,na,na,na,na,na,na,na,10.57,-0.133,18.54,25.89,27.4,27.74,na,na,na,na,na,na
WFR,3,2006,7108.1,3.852,na,22.3,na,na,na,na,na,na,na,na,na,na,na,na,9.53,-0.495,20.3,25.17,28.82,27.02,na,na,na,na,na,na
WFR,3,2007,14064,4.148,na,18,72,na,0.879,0.268,0.008,5.97,107,0,na,0.333,86,4.4,7.76,-1.112,21.85,24.33,26.69,27.76,na,na,na,na,na,na
WFR,3,2008,35644,4.552,na,na,na,na,na,na,na,na,na,0.095,na,0.078,51.5,10.3,10.5,-0.157,17.31,25.31,26.34,25.28,na,na,na,na,na,na
WFR,3,2009,na,na,na,17.5,293.2,na,1.242,0.149,0.322,11.81,100,0.13,na,0.61,240,16,13.87,1.017,20.55,25.45,26.27,27.14,na,na,na,na,na,na
WFR,3,2010,na,na,na,na,na,na,na,na,na,na,na,na,na,na,na,na,13.04,0.728,20.63,26.86,30.1,29.64,na,na,na,na,na,na
WFR,3,2011,na,na,na,na,na,na,na,na,na,na,na,na,na,na,na,na,10.86,-0.032,na,na,na,na,na,na,na,na,na,na
WFR,3,2012,143095.1,5.156,25.5,13,100.5,na,0.922,0.015,0.022,5.35,113.3,na,na,na,na,na,6.98,-1.384,na,na,31.49,na,na,na,na,na,na,na
WFR,3,2013,419674.4,5.623,na,21,80.3,na,1.725,0.011,0.11,5.7,na,na,na,na,na,na,11.84,0.31,na,na,na,28.26,na,na,na,na,na,na
WFR,3,2014,543030.5,5.735,na,17.3,98,na,1.942,0.194,0.048,5.76,106.7,na,na,na,na,na,10.3,-0.227,na,na,25.64,26.41,na,na,na,na,na,na
WFR,3,2015,74179,4.87,10.91,27,63.3,na,1.756,0.13,0.015,5.9,109,na,na,na,na,na,14.71,1.31,na,na,27.39,25.73,na,na,na,na,na,na
WFR,3,2016,311860,5.494,18.96,22,84.6,na,0.939,0.141,0.04,8.62,na,na,na,na,na,na,15.82,1.697,21.04,25.94,28.42,28.82,na,na,na,na,na,na
WFR,3,2017,1938802.1,6.288,7.78,13,218.2,106,1.253,0.179,0.133,10.78,132.1,na,na,na,na,na,12.6,0.575,20.16,24.66,26.41,26.06,na,na,na,na,na,na
WFR,3,2018,1095620.6,6.04,26.35,27,112,93.6,0.628,0.156,0.003,7.28,108,na,na,na,na,na,13.14,0.763,22.93,29.54,26.47,24.58,na,na,na,na,na,na
